{
  "itemid": "minecraft:prismarine_shard",
  "displayname": "§fAttribute Shard",
  "nbttag": "{HideFlags:254,display:{Lore:[0:\"§bFortitude VII\",1:\"§7Grants §c+3.5❤ Health §7and §a+3.5❈\",2:\"§aDefense§7.\",3:\"\",4:\"§7Combine with items in the §bAttribute\",5:\"§bFusion §7menu to apply attributes.\",6:\"\",7:\"§f§lCOMMON\"],Name:\"§fAttribute Shard\"},ExtraAttributes:{attributes:{fortitude:7},id:\"ATTRIBUTE_SHARD_FORTITUDE;7\"}}",
  "damage": 0,
  "lore": [
    "§bFortitude VII",
    "§7Grants §c+3.5❤ Health §7and §a+3.5❈",
    "§aDefense§7.",
    "",
    "§7Combine with items in the §bAttribute",
    "§bFusion §7menu to apply attributes.",
    "",
    "§f§lCOMMON"
  ],
  "internalname": "ATTRIBUTE_SHARD_FORTITUDE;7",
  "crafttext": "",
  "clickcommand": "",
  "modver": "",
  "infoType": ""
}