{
  "itemid": "minecraft:prismarine_shard",
  "displayname": "§fAttribute Shard",
  "nbttag": "{HideFlags:254,display:{Lore:[0:\"§bDominance X\",1:\"§7Gain §c+15% §7damage when at full health.\",2:\"\",3:\"§7Combine with items in the §bAttribute\",4:\"§bFusion §7menu to apply attributes.\",5:\"\",6:\"§f§lCOMMON\"],Name:\"§fAttribute Shard\"},ExtraAttributes:{attributes:{dominance:10},id:\"ATTRIBUTE_SHARD_DOMINANCE;10\"}}",
  "damage": 0,
  "lore": [
    "§bDominance X",
    "§7Gain §c+15% §7damage when at full health.",
    "",
    "§7Combine with items in the §bAttribute",
    "§bFusion §7menu to apply attributes.",
    "",
    "§f§lCOMMON"
  ],
  "internalname": "ATTRIBUTE_SHARD_DOMINANCE;10",
  "crafttext": "",
  "clickcommand": "",
  "modver": "",
  "infoType": ""
}