{
  "itemid": "minecraft:prismarine_shard",
  "displayname": "§fAttribute Shard",
  "nbttag": "{HideFlags:254,display:{Lore:[0:\"§bMagic Find X\",1:\"§7Grants §b+5✯ Magic Find§7.\",2:\"\",3:\"§7Combine with items in the §bAttribute\",4:\"§bFusion §7menu to apply attributes.\",5:\"\",6:\"§f§lCOMMON\"],Name:\"§fAttribute Shard\"},ExtraAttributes:{attributes:{magic_find:10},id:\"ATTRIBUTE_SHARD_MAGIC_FIND;10\"}}",
  "damage": 0,
  "lore": [
    "§bMagic Find X",
    "§7Grants §b+5✯ Magic Find§7.",
    "",
    "§7Combine with items in the §bAttribute",
    "§bFusion §7menu to apply attributes.",
    "",
    "§f§lCOMMON"
  ],
  "internalname": "ATTRIBUTE_SHARD_MAGIC_FIND;10",
  "crafttext": "",
  "clickcommand": "",
  "modver": "",
  "infoType": "WIKI_URL",
  "info": [
    "https://hypixel-skyblock.fandom.com/wiki/Attributes#List_of_Attributes",
    "https://wiki.hypixel.net/Attributes#All_Attributes"
  ]
}