{
  "itemid": "minecraft:carpet",
  "displayname": "§6Anti-Bite Scarf",
  "nbttag": "{HideFlags:254,display:{Lore:[0:\"§7Intelligence: §a+20\",1:\"\",2:\"§6Ability: Helmets All The Way Around \",3:\"§7Regain §a+2ф §7when killing a monster.\",4:\"\",5:\"§7If you would take §c❤ §7damage, take\",6:\"§7§c0.3❤ §7less.\",7:\"\",8:\"§7§8This item can be reforged!\",9:\"§6§lLEGENDARY HELMET\"],Name:\"§6Anti-Bite Scarf\"},ExtraAttributes:{id:\"ANTI_BITE_SCARF\"}}",
  "damage": 14,
  "lore": [
    "§7Intelligence: §a+20",
    "",
    "§6Ability: Helmets All The Way Around ",
    "§7Regain §a+2ф §7when killing a monster.",
    "",
    "§7If you would take §c❤ §7damage, take",
    "§7§c0.3❤ §7less.",
    "",
    "§7§8This item can be reforged!",
    "§6§lLEGENDARY HELMET"
  ],
  "recipe": {
    "A1": "",
    "A2": "",
    "A3": "",
    "B1": "COVEN_SEAL:8",
    "B2": "",
    "B3": "COVEN_SEAL:8",
    "C1": "COVEN_SEAL:8",
    "C2": "DETRANSFIGURED_MASK:1",
    "C3": "COVEN_SEAL:8"
  },
  "internalname": "ANTI_BITE_SCARF",
  "clickcommand": "viewrecipe",
  "modver": "2.1.1-PRE",
  "crafttext": "Requires: Vampire Slayer 1",
  "infoType": "WIKI_URL",
  "info": [
    "https://hypixel-skyblock.fandom.com/wiki/Anti-Bite_Scarf",
    "https://wiki.hypixel.net/Anti-Bite_Scarf"
  ]
}