{
  "ARMOR_OF_YOG_BOOTS": {
    "AMBER_0": [
      "SKYBLOCK_COIN:5000",
      "FINE_AMBER_GEM:1"
    ],
    "JADE_0": [
      "SKYBLOCK_COIN:20000",
      "FINE_JADE_GEM:4"
    ]
  },
  "ARMOR_OF_YOG_CHESTPLATE": {
    "AMBER_0": [
      "SKYBLOCK_COIN:5000",
      "FINE_AMBER_GEM:1"
    ],
    "JADE_0": [
      "SKYBLOCK_COIN:20000",
      "FINE_JADE_GEM:4"
    ]
  },
  "ARMOR_OF_YOG_HELMET": {
    "AMBER_0": [
      "SKYBLOCK_COIN:5000",
      "FINE_AMBER_GEM:1"
    ],
    "JADE_0": [
      "SKYBLOCK_COIN:20000",
      "FINE_JADE_GEM:4"
    ]
  },
  "ARMOR_OF_YOG_LEGGINGS": {
    "AMBER_0": [
      "SKYBLOCK_COIN:5000",
      "FINE_AMBER_GEM:1"
    ],
    "JADE_0": [
      "SKYBLOCK_COIN:20000",
      "FINE_JADE_GEM:4"
    ]
  },
  "ASPECT_OF_THE_DRAGON": {
    "JASPER_0": [
      "SKYBLOCK_COIN:50000",
      "FINE_JASPER_GEM:20"
    ]
  },
  "ASTRAEA": {
    "COMBAT_0": [
      "SKYBLOCK_COIN:250000",
      "FLAWLESS_JASPER_GEM:1",
      "FLAWLESS_SAPPHIRE_GEM:1",
      "FLAWLESS_RUBY_GEM:1",
      "FLAWLESS_AMETHYST_GEM:1"
    ],
    "DEFENSIVE_0": [
      "SKYBLOCK_COIN:250000",
      "FLAWLESS_AMETHYST_GEM:2",
      "FLAWLESS_RUBY_GEM:2"
    ]
  },
  "ATOMSPLIT_KATANA": {
    "JASPER_0": [
      "SKYBLOCK_COIN:50000",
      "FINE_JASPER_GEM:20"
    ],
    "SAPPHIRE_0": [
      "SKYBLOCK_COIN:100000",
      "FINE_SAPPHIRE_GEM:40"
    ],
    "SAPPHIRE_1": [
      "SKYBLOCK_COIN:250000",
      "FLAWLESS_SAPPHIRE_GEM:2"
    ]
  },
  "AURORA_BOOTS": {
    "COMBAT_0": [
      "SKYBLOCK_COIN:250000",
      "FLAWLESS_JASPER_GEM:1",
      "FLAWLESS_SAPPHIRE_GEM:1",
      "FLAWLESS_RUBY_GEM:1",
      "FLAWLESS_AMETHYST_GEM:1"
    ],
    "COMBAT_1": [
      "SKYBLOCK_COIN:250000",
      "FLAWLESS_JASPER_GEM:1",
      "FLAWLESS_SAPPHIRE_GEM:1",
      "FLAWLESS_RUBY_GEM:1",
      "FLAWLESS_AMETHYST_GEM:1"
    ]
  },
  "AURORA_CHESTPLATE": {
    "COMBAT_0": [
      "SKYBLOCK_COIN:250000",
      "FLAWLESS_JASPER_GEM:1",
      "FLAWLESS_SAPPHIRE_GEM:1",
      "FLAWLESS_RUBY_GEM:1",
      "FLAWLESS_AMETHYST_GEM:1"
    ],
    "COMBAT_1": [
      "SKYBLOCK_COIN:250000",
      "FLAWLESS_JASPER_GEM:1",
      "FLAWLESS_SAPPHIRE_GEM:1",
      "FLAWLESS_RUBY_GEM:1",
      "FLAWLESS_AMETHYST_GEM:1"
    ]
  },
  "AURORA_HELMET": {
    "COMBAT_0": [
      "SKYBLOCK_COIN:250000",
      "FLAWLESS_JASPER_GEM:1",
      "FLAWLESS_SAPPHIRE_GEM:1",
      "FLAWLESS_RUBY_GEM:1",
      "FLAWLESS_AMETHYST_GEM:1"
    ],
    "COMBAT_1": [
      "SKYBLOCK_COIN:250000",
      "FLAWLESS_JASPER_GEM:1",
      "FLAWLESS_SAPPHIRE_GEM:1",
      "FLAWLESS_RUBY_GEM:1",
      "FLAWLESS_AMETHYST_GEM:1"
    ]
  },
  "AURORA_LEGGINGS": {
    "COMBAT_0": [
      "SKYBLOCK_COIN:250000",
      "FLAWLESS_JASPER_GEM:1",
      "FLAWLESS_SAPPHIRE_GEM:1",
      "FLAWLESS_RUBY_GEM:1",
      "FLAWLESS_AMETHYST_GEM:1"
    ],
    "COMBAT_1": [
      "SKYBLOCK_COIN:250000",
      "FLAWLESS_JASPER_GEM:1",
      "FLAWLESS_SAPPHIRE_GEM:1",
      "FLAWLESS_RUBY_GEM:1",
      "FLAWLESS_AMETHYST_GEM:1"
    ]
  },
  "AXE_OF_THE_SHREDDED": {
    "COMBAT_0": [
      "SKYBLOCK_COIN:100000",
      "FINE_JASPER_GEM:40",
      "FINE_SAPPHIRE_GEM:40",
      "FINE_RUBY_GEM:40",
      "FINE_AMETHYST_GEM:40"
    ],
    "JASPER_0": [
      "SKYBLOCK_COIN:50000",
      "FINE_JASPER_GEM:20"
    ]
  },
  "BAT_WAND": {
    "SAPPHIRE_0": [
      "SKYBLOCK_COIN:50000",
      "FINE_SAPPHIRE_GEM:20"
    ]
  },
  "BLAZE_BOOTS": {
    "JASPER_0": [
      "SKYBLOCK_COIN:50000",
      "FINE_JASPER_GEM:20"
    ]
  },
  "BLAZE_CHESTPLATE": {
    "JASPER_0": [
      "SKYBLOCK_COIN:50000",
      "FINE_JASPER_GEM:20"
    ]
  },
  "BLAZE_HELMET": {
    "JASPER_0": [
      "SKYBLOCK_COIN:50000",
      "FINE_JASPER_GEM:20"
    ]
  },
  "BLAZE_LEGGINGS": {
    "JASPER_0": [
      "SKYBLOCK_COIN:50000",
      "FINE_JASPER_GEM:20"
    ]
  },
  "BOUQUET_OF_LIES": {
    "JASPER_0": [
      "SKYBLOCK_COIN:50000",
      "FINE_JASPER_GEM:20"
    ]
  },
  "BURNING_AURORA_BOOTS": {
    "COMBAT_0": [
      "SKYBLOCK_COIN:250000",
      "FLAWLESS_JASPER_GEM:1",
      "FLAWLESS_SAPPHIRE_GEM:1",
      "FLAWLESS_RUBY_GEM:1",
      "FLAWLESS_AMETHYST_GEM:1"
    ],
    "COMBAT_1": [
      "SKYBLOCK_COIN:250000",
      "FLAWLESS_JASPER_GEM:1",
      "FLAWLESS_SAPPHIRE_GEM:1",
      "FLAWLESS_RUBY_GEM:1",
      "FLAWLESS_AMETHYST_GEM:1"
    ]
  },
  "BURNING_AURORA_CHESTPLATE": {
    "COMBAT_0": [
      "SKYBLOCK_COIN:250000",
      "FLAWLESS_JASPER_GEM:1",
      "FLAWLESS_SAPPHIRE_GEM:1",
      "FLAWLESS_RUBY_GEM:1",
      "FLAWLESS_AMETHYST_GEM:1"
    ],
    "COMBAT_1": [
      "SKYBLOCK_COIN:250000",
      "FLAWLESS_JASPER_GEM:1",
      "FLAWLESS_SAPPHIRE_GEM:1",
      "FLAWLESS_RUBY_GEM:1",
      "FLAWLESS_AMETHYST_GEM:1"
    ]
  },
  "BURNING_AURORA_HELMET": {
    "COMBAT_0": [
      "SKYBLOCK_COIN:250000",
      "FLAWLESS_JASPER_GEM:1",
      "FLAWLESS_SAPPHIRE_GEM:1",
      "FLAWLESS_RUBY_GEM:1",
      "FLAWLESS_AMETHYST_GEM:1"
    ],
    "COMBAT_1": [
      "SKYBLOCK_COIN:250000",
      "FLAWLESS_JASPER_GEM:1",
      "FLAWLESS_SAPPHIRE_GEM:1",
      "FLAWLESS_RUBY_GEM:1",
      "FLAWLESS_AMETHYST_GEM:1"
    ]
  },
  "BURNING_AURORA_LEGGINGS": {
    "COMBAT_0": [
      "SKYBLOCK_COIN:250000",
      "FLAWLESS_JASPER_GEM:1",
      "FLAWLESS_SAPPHIRE_GEM:1",
      "FLAWLESS_RUBY_GEM:1",
      "FLAWLESS_AMETHYST_GEM:1"
    ],
    "COMBAT_1": [
      "SKYBLOCK_COIN:250000",
      "FLAWLESS_JASPER_GEM:1",
      "FLAWLESS_SAPPHIRE_GEM:1",
      "FLAWLESS_RUBY_GEM:1",
      "FLAWLESS_AMETHYST_GEM:1"
    ]
  },
  "BURNING_CRIMSON_BOOTS": {
    "COMBAT_0": [
      "SKYBLOCK_COIN:250000",
      "FLAWLESS_JASPER_GEM:1",
      "FLAWLESS_SAPPHIRE_GEM:1",
      "FLAWLESS_RUBY_GEM:1",
      "FLAWLESS_AMETHYST_GEM:1"
    ],
    "COMBAT_1": [
      "SKYBLOCK_COIN:250000",
      "FLAWLESS_JASPER_GEM:1",
      "FLAWLESS_SAPPHIRE_GEM:1",
      "FLAWLESS_RUBY_GEM:1",
      "FLAWLESS_AMETHYST_GEM:1"
    ]
  },
  "BURNING_CRIMSON_CHESTPLATE": {
    "COMBAT_0": [
      "SKYBLOCK_COIN:250000",
      "FLAWLESS_JASPER_GEM:1",
      "FLAWLESS_SAPPHIRE_GEM:1",
      "FLAWLESS_RUBY_GEM:1",
      "FLAWLESS_AMETHYST_GEM:1"
    ],
    "COMBAT_1": [
      "SKYBLOCK_COIN:250000",
      "FLAWLESS_JASPER_GEM:1",
      "FLAWLESS_SAPPHIRE_GEM:1",
      "FLAWLESS_RUBY_GEM:1",
      "FLAWLESS_AMETHYST_GEM:1"
    ]
  },
  "BURNING_CRIMSON_HELMET": {
    "COMBAT_0": [
      "SKYBLOCK_COIN:250000",
      "FLAWLESS_JASPER_GEM:1",
      "FLAWLESS_SAPPHIRE_GEM:1",
      "FLAWLESS_RUBY_GEM:1",
      "FLAWLESS_AMETHYST_GEM:1"
    ],
    "COMBAT_1": [
      "SKYBLOCK_COIN:250000",
      "FLAWLESS_JASPER_GEM:1",
      "FLAWLESS_SAPPHIRE_GEM:1",
      "FLAWLESS_RUBY_GEM:1",
      "FLAWLESS_AMETHYST_GEM:1"
    ]
  },
  "BURNING_CRIMSON_LEGGINGS": {
    "COMBAT_0": [
      "SKYBLOCK_COIN:250000",
      "FLAWLESS_JASPER_GEM:1",
      "FLAWLESS_SAPPHIRE_GEM:1",
      "FLAWLESS_RUBY_GEM:1",
      "FLAWLESS_AMETHYST_GEM:1"
    ],
    "COMBAT_1": [
      "SKYBLOCK_COIN:250000",
      "FLAWLESS_JASPER_GEM:1",
      "FLAWLESS_SAPPHIRE_GEM:1",
      "FLAWLESS_RUBY_GEM:1",
      "FLAWLESS_AMETHYST_GEM:1"
    ]
  },
  "BURNING_FERVOR_BOOTS": {
    "COMBAT_0": [
      "SKYBLOCK_COIN:250000",
      "FLAWLESS_JASPER_GEM:1",
      "FLAWLESS_SAPPHIRE_GEM:1",
      "FLAWLESS_RUBY_GEM:1",
      "FLAWLESS_AMETHYST_GEM:1"
    ],
    "COMBAT_1": [
      "SKYBLOCK_COIN:250000",
      "FLAWLESS_JASPER_GEM:1",
      "FLAWLESS_SAPPHIRE_GEM:1",
      "FLAWLESS_RUBY_GEM:1",
      "FLAWLESS_AMETHYST_GEM:1"
    ]
  },
  "BURNING_FERVOR_CHESTPLATE": {
    "COMBAT_0": [
      "SKYBLOCK_COIN:250000",
      "FLAWLESS_JASPER_GEM:1",
      "FLAWLESS_SAPPHIRE_GEM:1",
      "FLAWLESS_RUBY_GEM:1",
      "FLAWLESS_AMETHYST_GEM:1"
    ],
    "COMBAT_1": [
      "SKYBLOCK_COIN:250000",
      "FLAWLESS_JASPER_GEM:1",
      "FLAWLESS_SAPPHIRE_GEM:1",
      "FLAWLESS_RUBY_GEM:1",
      "FLAWLESS_AMETHYST_GEM:1"
    ]
  },
  "BURNING_FERVOR_HELMET": {
    "COMBAT_0": [
      "SKYBLOCK_COIN:250000",
      "FLAWLESS_JASPER_GEM:1",
      "FLAWLESS_SAPPHIRE_GEM:1",
      "FLAWLESS_RUBY_GEM:1",
      "FLAWLESS_AMETHYST_GEM:1"
    ],
    "COMBAT_1": [
      "SKYBLOCK_COIN:250000",
      "FLAWLESS_JASPER_GEM:1",
      "FLAWLESS_SAPPHIRE_GEM:1",
      "FLAWLESS_RUBY_GEM:1",
      "FLAWLESS_AMETHYST_GEM:1"
    ]
  },
  "BURNING_FERVOR_LEGGINGS": {
    "COMBAT_0": [
      "SKYBLOCK_COIN:250000",
      "FLAWLESS_JASPER_GEM:1",
      "FLAWLESS_SAPPHIRE_GEM:1",
      "FLAWLESS_RUBY_GEM:1",
      "FLAWLESS_AMETHYST_GEM:1"
    ],
    "COMBAT_1": [
      "SKYBLOCK_COIN:250000",
      "FLAWLESS_JASPER_GEM:1",
      "FLAWLESS_SAPPHIRE_GEM:1",
      "FLAWLESS_RUBY_GEM:1",
      "FLAWLESS_AMETHYST_GEM:1"
    ]
  },
  "BURNING_HOLLOW_BOOTS": {
    "COMBAT_0": [
      "SKYBLOCK_COIN:250000",
      "FLAWLESS_JASPER_GEM:1",
      "FLAWLESS_SAPPHIRE_GEM:1",
      "FLAWLESS_RUBY_GEM:1",
      "FLAWLESS_AMETHYST_GEM:1"
    ],
    "COMBAT_1": [
      "SKYBLOCK_COIN:250000",
      "FLAWLESS_JASPER_GEM:1",
      "FLAWLESS_SAPPHIRE_GEM:1",
      "FLAWLESS_RUBY_GEM:1",
      "FLAWLESS_AMETHYST_GEM:1"
    ]
  },
  "BURNING_HOLLOW_CHESTPLATE": {
    "COMBAT_0": [
      "SKYBLOCK_COIN:250000",
      "FLAWLESS_JASPER_GEM:1",
      "FLAWLESS_SAPPHIRE_GEM:1",
      "FLAWLESS_RUBY_GEM:1",
      "FLAWLESS_AMETHYST_GEM:1"
    ],
    "COMBAT_1": [
      "SKYBLOCK_COIN:250000",
      "FLAWLESS_JASPER_GEM:1",
      "FLAWLESS_SAPPHIRE_GEM:1",
      "FLAWLESS_RUBY_GEM:1",
      "FLAWLESS_AMETHYST_GEM:1"
    ]
  },
  "BURNING_HOLLOW_HELMET": {
    "COMBAT_0": [
      "SKYBLOCK_COIN:250000",
      "FLAWLESS_JASPER_GEM:1",
      "FLAWLESS_SAPPHIRE_GEM:1",
      "FLAWLESS_RUBY_GEM:1",
      "FLAWLESS_AMETHYST_GEM:1"
    ],
    "COMBAT_1": [
      "SKYBLOCK_COIN:250000",
      "FLAWLESS_JASPER_GEM:1",
      "FLAWLESS_SAPPHIRE_GEM:1",
      "FLAWLESS_RUBY_GEM:1",
      "FLAWLESS_AMETHYST_GEM:1"
    ]
  },
  "BURNING_HOLLOW_LEGGINGS": {
    "COMBAT_0": [
      "SKYBLOCK_COIN:250000",
      "FLAWLESS_JASPER_GEM:1",
      "FLAWLESS_SAPPHIRE_GEM:1",
      "FLAWLESS_RUBY_GEM:1",
      "FLAWLESS_AMETHYST_GEM:1"
    ],
    "COMBAT_1": [
      "SKYBLOCK_COIN:250000",
      "FLAWLESS_JASPER_GEM:1",
      "FLAWLESS_SAPPHIRE_GEM:1",
      "FLAWLESS_RUBY_GEM:1",
      "FLAWLESS_AMETHYST_GEM:1"
    ]
  },
  "BURNING_TERROR_BOOTS": {
    "COMBAT_0": [
      "SKYBLOCK_COIN:250000",
      "FLAWLESS_JASPER_GEM:1",
      "FLAWLESS_SAPPHIRE_GEM:1",
      "FLAWLESS_RUBY_GEM:1",
      "FLAWLESS_AMETHYST_GEM:1"
    ],
    "COMBAT_1": [
      "SKYBLOCK_COIN:250000",
      "FLAWLESS_JASPER_GEM:1",
      "FLAWLESS_SAPPHIRE_GEM:1",
      "FLAWLESS_RUBY_GEM:1",
      "FLAWLESS_AMETHYST_GEM:1"
    ]
  },
  "BURNING_TERROR_CHESTPLATE": {
    "COMBAT_0": [
      "SKYBLOCK_COIN:250000",
      "FLAWLESS_JASPER_GEM:1",
      "FLAWLESS_SAPPHIRE_GEM:1",
      "FLAWLESS_RUBY_GEM:1",
      "FLAWLESS_AMETHYST_GEM:1"
    ],
    "COMBAT_1": [
      "SKYBLOCK_COIN:250000",
      "FLAWLESS_JASPER_GEM:1",
      "FLAWLESS_SAPPHIRE_GEM:1",
      "FLAWLESS_RUBY_GEM:1",
      "FLAWLESS_AMETHYST_GEM:1"
    ]
  },
  "BURNING_TERROR_HELMET": {
    "COMBAT_0": [
      "SKYBLOCK_COIN:250000",
      "FLAWLESS_JASPER_GEM:1",
      "FLAWLESS_SAPPHIRE_GEM:1",
      "FLAWLESS_RUBY_GEM:1",
      "FLAWLESS_AMETHYST_GEM:1"
    ],
    "COMBAT_1": [
      "SKYBLOCK_COIN:250000",
      "FLAWLESS_JASPER_GEM:1",
      "FLAWLESS_SAPPHIRE_GEM:1",
      "FLAWLESS_RUBY_GEM:1",
      "FLAWLESS_AMETHYST_GEM:1"
    ]
  },
  "BURNING_TERROR_LEGGINGS": {
    "COMBAT_0": [
      "SKYBLOCK_COIN:250000",
      "FLAWLESS_JASPER_GEM:1",
      "FLAWLESS_SAPPHIRE_GEM:1",
      "FLAWLESS_RUBY_GEM:1",
      "FLAWLESS_AMETHYST_GEM:1"
    ],
    "COMBAT_1": [
      "SKYBLOCK_COIN:250000",
      "FLAWLESS_JASPER_GEM:1",
      "FLAWLESS_SAPPHIRE_GEM:1",
      "FLAWLESS_RUBY_GEM:1",
      "FLAWLESS_AMETHYST_GEM:1"
    ]
  },
  "BURSTFIRE_DAGGER": {
    "COMBAT_0": [
      "SKYBLOCK_COIN:250000"
    ],
    "OPAL_0": [
      "SKYBLOCK_COIN:500000"
    ]
  },
  "BURSTMAW_DAGGER": {
    "COMBAT_0": [
      "SKYBLOCK_COIN:250000"
    ],
    "OPAL_0": [
      "SKYBLOCK_COIN:500000"
    ]
  },
  "CRIMSON_BOOTS": {
    "COMBAT_0": [
      "SKYBLOCK_COIN:250000",
      "FLAWLESS_JASPER_GEM:1",
      "FLAWLESS_SAPPHIRE_GEM:1",
      "FLAWLESS_RUBY_GEM:1",
      "FLAWLESS_AMETHYST_GEM:1"
    ],
    "COMBAT_1": [
      "SKYBLOCK_COIN:250000",
      "FLAWLESS_JASPER_GEM:1",
      "FLAWLESS_SAPPHIRE_GEM:1",
      "FLAWLESS_RUBY_GEM:1",
      "FLAWLESS_AMETHYST_GEM:1"
    ]
  },
  "CRIMSON_CHESTPLATE": {
    "COMBAT_0": [
      "SKYBLOCK_COIN:250000",
      "FLAWLESS_JASPER_GEM:1",
      "FLAWLESS_SAPPHIRE_GEM:1",
      "FLAWLESS_RUBY_GEM:1",
      "FLAWLESS_AMETHYST_GEM:1"
    ],
    "COMBAT_1": [
      "SKYBLOCK_COIN:250000",
      "FLAWLESS_JASPER_GEM:1",
      "FLAWLESS_SAPPHIRE_GEM:1",
      "FLAWLESS_RUBY_GEM:1",
      "FLAWLESS_AMETHYST_GEM:1"
    ]
  },
  "CRIMSON_HELMET": {
    "COMBAT_0": [
      "SKYBLOCK_COIN:250000",
      "FLAWLESS_JASPER_GEM:1",
      "FLAWLESS_SAPPHIRE_GEM:1",
      "FLAWLESS_RUBY_GEM:1",
      "FLAWLESS_AMETHYST_GEM:1"
    ],
    "COMBAT_1": [
      "SKYBLOCK_COIN:250000",
      "FLAWLESS_JASPER_GEM:1",
      "FLAWLESS_SAPPHIRE_GEM:1",
      "FLAWLESS_RUBY_GEM:1",
      "FLAWLESS_AMETHYST_GEM:1"
    ]
  },
  "CRIMSON_LEGGINGS": {
    "COMBAT_0": [
      "SKYBLOCK_COIN:250000",
      "FLAWLESS_JASPER_GEM:1",
      "FLAWLESS_SAPPHIRE_GEM:1",
      "FLAWLESS_RUBY_GEM:1",
      "FLAWLESS_AMETHYST_GEM:1"
    ],
    "COMBAT_1": [
      "SKYBLOCK_COIN:250000",
      "FLAWLESS_JASPER_GEM:1",
      "FLAWLESS_SAPPHIRE_GEM:1",
      "FLAWLESS_RUBY_GEM:1",
      "FLAWLESS_AMETHYST_GEM:1"
    ]
  },
  "DAEDALUS_AXE": {
    "COMBAT_0": [
      "SKYBLOCK_COIN:50000",
      "FINE_JASPER_GEM:20",
      "FINE_SAPPHIRE_GEM:20",
      "FINE_RUBY_GEM:20",
      "FINE_AMETHYST_GEM:20"
    ],
    "COMBAT_1": [
      "SKYBLOCK_COIN:100000",
      "FINE_JASPER_GEM:40",
      "FINE_SAPPHIRE_GEM:40",
      "FINE_RUBY_GEM:40",
      "FINE_AMETHYST_GEM:40"
    ]
  },
  "DARK_CLAYMORE": {
    "JASPER_0": [
      "SKYBLOCK_COIN:50000",
      "FINE_JASPER_GEM:20"
    ],
    "JASPER_1": [
      "SKYBLOCK_COIN:100000",
      "FINE_JASPER_GEM:40"
    ]
  },
  "DIAMOND_HUNTER_BOOTS": {
    "COMBAT_1": [
      "SKYBLOCK_COIN:250000"
    ]
  },
  "DIAMOND_HUNTER_CHESTPLATE": {
    "COMBAT_1": [
      "SKYBLOCK_COIN:250000"
    ]
  },
  "DIAMOND_HUNTER_HELMET": {
    "COMBAT_1": [
      "SKYBLOCK_COIN:250000"
    ]
  },
  "DIAMOND_HUNTER_LEGGINGS": {
    "COMBAT_1": [
      "SKYBLOCK_COIN:250000"
    ]
  },
  "DIVAN_BOOTS": {
    "AMBER_0": [
      "GEMSTONE_CHAMBER:1"
    ],
    "AMBER_1": [
      "GEMSTONE_CHAMBER:1"
    ],
    "JADE_0": [
      "GEMSTONE_CHAMBER:1"
    ],
    "JADE_1": [
      "GEMSTONE_CHAMBER:1"
    ],
    "TOPAZ_0": [
      "GEMSTONE_CHAMBER:1"
    ]
  },
  "DIVAN_CHESTPLATE": {
    "AMBER_0": [
      "GEMSTONE_CHAMBER:1"
    ],
    "AMBER_1": [
      "GEMSTONE_CHAMBER:1"
    ],
    "JADE_0": [
      "GEMSTONE_CHAMBER:1"
    ],
    "JADE_1": [
      "GEMSTONE_CHAMBER:1"
    ],
    "TOPAZ_0": [
      "GEMSTONE_CHAMBER:1"
    ]
  },
  "DIVAN_DRILL": {
    "JADE_0": [
      "SKYBLOCK_COIN:50000",
      "FINE_JADE_GEM:20"
    ],
    "JADE_1": [
      "SKYBLOCK_COIN:100000",
      "FINE_JADE_GEM:40"
    ],
    "MINING_0": [
      "SKYBLOCK_COIN:250000",
      "FLAWLESS_JADE_GEM:1",
      "FLAWLESS_AMBER_GEM:1",
      "FLAWLESS_TOPAZ_GEM:1"
    ]
  },
  "DIVAN_HELMET": {
    "AMBER_0": [
      "GEMSTONE_CHAMBER:1"
    ],
    "AMBER_1": [
      "GEMSTONE_CHAMBER:1"
    ],
    "JADE_0": [
      "GEMSTONE_CHAMBER:1"
    ],
    "JADE_1": [
      "GEMSTONE_CHAMBER:1"
    ],
    "TOPAZ_0": [
      "GEMSTONE_CHAMBER:1"
    ]
  },
  "DIVAN_LEGGINGS": {
    "AMBER_0": [
      "GEMSTONE_CHAMBER:1"
    ],
    "AMBER_1": [
      "GEMSTONE_CHAMBER:1"
    ],
    "JADE_0": [
      "GEMSTONE_CHAMBER:1"
    ],
    "JADE_1": [
      "GEMSTONE_CHAMBER:1"
    ],
    "TOPAZ_0": [
      "GEMSTONE_CHAMBER:1"
    ]
  },
  "FERVOR_BOOTS": {
    "COMBAT_0": [
      "SKYBLOCK_COIN:250000",
      "FLAWLESS_JASPER_GEM:1",
      "FLAWLESS_SAPPHIRE_GEM:1",
      "FLAWLESS_RUBY_GEM:1",
      "FLAWLESS_AMETHYST_GEM:1"
    ],
    "COMBAT_1": [
      "SKYBLOCK_COIN:250000",
      "FLAWLESS_JASPER_GEM:1",
      "FLAWLESS_SAPPHIRE_GEM:1",
      "FLAWLESS_RUBY_GEM:1",
      "FLAWLESS_AMETHYST_GEM:1"
    ]
  },
  "FERVOR_CHESTPLATE": {
    "COMBAT_0": [
      "SKYBLOCK_COIN:250000",
      "FLAWLESS_JASPER_GEM:1",
      "FLAWLESS_SAPPHIRE_GEM:1",
      "FLAWLESS_RUBY_GEM:1",
      "FLAWLESS_AMETHYST_GEM:1"
    ],
    "COMBAT_1": [
      "SKYBLOCK_COIN:250000",
      "FLAWLESS_JASPER_GEM:1",
      "FLAWLESS_SAPPHIRE_GEM:1",
      "FLAWLESS_RUBY_GEM:1",
      "FLAWLESS_AMETHYST_GEM:1"
    ]
  },
  "FERVOR_HELMET": {
    "COMBAT_0": [
      "SKYBLOCK_COIN:250000",
      "FLAWLESS_JASPER_GEM:1",
      "FLAWLESS_SAPPHIRE_GEM:1",
      "FLAWLESS_RUBY_GEM:1",
      "FLAWLESS_AMETHYST_GEM:1"
    ],
    "COMBAT_1": [
      "SKYBLOCK_COIN:250000",
      "FLAWLESS_JASPER_GEM:1",
      "FLAWLESS_SAPPHIRE_GEM:1",
      "FLAWLESS_RUBY_GEM:1",
      "FLAWLESS_AMETHYST_GEM:1"
    ]
  },
  "FERVOR_LEGGINGS": {
    "COMBAT_0": [
      "SKYBLOCK_COIN:250000",
      "FLAWLESS_JASPER_GEM:1",
      "FLAWLESS_SAPPHIRE_GEM:1",
      "FLAWLESS_RUBY_GEM:1",
      "FLAWLESS_AMETHYST_GEM:1"
    ],
    "COMBAT_1": [
      "SKYBLOCK_COIN:250000",
      "FLAWLESS_JASPER_GEM:1",
      "FLAWLESS_SAPPHIRE_GEM:1",
      "FLAWLESS_RUBY_GEM:1",
      "FLAWLESS_AMETHYST_GEM:1"
    ]
  },
  "FIERY_AURORA_BOOTS": {
    "COMBAT_0": [
      "SKYBLOCK_COIN:250000",
      "FLAWLESS_JASPER_GEM:1",
      "FLAWLESS_SAPPHIRE_GEM:1",
      "FLAWLESS_RUBY_GEM:1",
      "FLAWLESS_AMETHYST_GEM:1"
    ],
    "COMBAT_1": [
      "SKYBLOCK_COIN:250000",
      "FLAWLESS_JASPER_GEM:1",
      "FLAWLESS_SAPPHIRE_GEM:1",
      "FLAWLESS_RUBY_GEM:1",
      "FLAWLESS_AMETHYST_GEM:1"
    ]
  },
  "FIERY_AURORA_CHESTPLATE": {
    "COMBAT_0": [
      "SKYBLOCK_COIN:250000",
      "FLAWLESS_JASPER_GEM:1",
      "FLAWLESS_SAPPHIRE_GEM:1",
      "FLAWLESS_RUBY_GEM:1",
      "FLAWLESS_AMETHYST_GEM:1"
    ],
    "COMBAT_1": [
      "SKYBLOCK_COIN:250000",
      "FLAWLESS_JASPER_GEM:1",
      "FLAWLESS_SAPPHIRE_GEM:1",
      "FLAWLESS_RUBY_GEM:1",
      "FLAWLESS_AMETHYST_GEM:1"
    ]
  },
  "FIERY_AURORA_HELMET": {
    "COMBAT_0": [
      "SKYBLOCK_COIN:250000",
      "FLAWLESS_JASPER_GEM:1",
      "FLAWLESS_SAPPHIRE_GEM:1",
      "FLAWLESS_RUBY_GEM:1",
      "FLAWLESS_AMETHYST_GEM:1"
    ],
    "COMBAT_1": [
      "SKYBLOCK_COIN:250000",
      "FLAWLESS_JASPER_GEM:1",
      "FLAWLESS_SAPPHIRE_GEM:1",
      "FLAWLESS_RUBY_GEM:1",
      "FLAWLESS_AMETHYST_GEM:1"
    ]
  },
  "FIERY_AURORA_LEGGINGS": {
    "COMBAT_0": [
      "SKYBLOCK_COIN:250000",
      "FLAWLESS_JASPER_GEM:1",
      "FLAWLESS_SAPPHIRE_GEM:1",
      "FLAWLESS_RUBY_GEM:1",
      "FLAWLESS_AMETHYST_GEM:1"
    ],
    "COMBAT_1": [
      "SKYBLOCK_COIN:250000",
      "FLAWLESS_JASPER_GEM:1",
      "FLAWLESS_SAPPHIRE_GEM:1",
      "FLAWLESS_RUBY_GEM:1",
      "FLAWLESS_AMETHYST_GEM:1"
    ]
  },
  "FIERY_CRIMSON_BOOTS": {
    "COMBAT_0": [
      "SKYBLOCK_COIN:250000",
      "FLAWLESS_JASPER_GEM:1",
      "FLAWLESS_SAPPHIRE_GEM:1",
      "FLAWLESS_RUBY_GEM:1",
      "FLAWLESS_AMETHYST_GEM:1"
    ],
    "COMBAT_1": [
      "SKYBLOCK_COIN:250000",
      "FLAWLESS_JASPER_GEM:1",
      "FLAWLESS_SAPPHIRE_GEM:1",
      "FLAWLESS_RUBY_GEM:1",
      "FLAWLESS_AMETHYST_GEM:1"
    ]
  },
  "FIERY_CRIMSON_CHESTPLATE": {
    "COMBAT_0": [
      "SKYBLOCK_COIN:250000",
      "FLAWLESS_JASPER_GEM:1",
      "FLAWLESS_SAPPHIRE_GEM:1",
      "FLAWLESS_RUBY_GEM:1",
      "FLAWLESS_AMETHYST_GEM:1"
    ],
    "COMBAT_1": [
      "SKYBLOCK_COIN:250000",
      "FLAWLESS_JASPER_GEM:1",
      "FLAWLESS_SAPPHIRE_GEM:1",
      "FLAWLESS_RUBY_GEM:1",
      "FLAWLESS_AMETHYST_GEM:1"
    ]
  },
  "FIERY_CRIMSON_HELMET": {
    "COMBAT_0": [
      "SKYBLOCK_COIN:250000",
      "FLAWLESS_JASPER_GEM:1",
      "FLAWLESS_SAPPHIRE_GEM:1",
      "FLAWLESS_RUBY_GEM:1",
      "FLAWLESS_AMETHYST_GEM:1"
    ],
    "COMBAT_1": [
      "SKYBLOCK_COIN:250000",
      "FLAWLESS_JASPER_GEM:1",
      "FLAWLESS_SAPPHIRE_GEM:1",
      "FLAWLESS_RUBY_GEM:1",
      "FLAWLESS_AMETHYST_GEM:1"
    ]
  },
  "FIERY_CRIMSON_LEGGINGS": {
    "COMBAT_0": [
      "SKYBLOCK_COIN:250000",
      "FLAWLESS_JASPER_GEM:1",
      "FLAWLESS_SAPPHIRE_GEM:1",
      "FLAWLESS_RUBY_GEM:1",
      "FLAWLESS_AMETHYST_GEM:1"
    ],
    "COMBAT_1": [
      "SKYBLOCK_COIN:250000",
      "FLAWLESS_JASPER_GEM:1",
      "FLAWLESS_SAPPHIRE_GEM:1",
      "FLAWLESS_RUBY_GEM:1",
      "FLAWLESS_AMETHYST_GEM:1"
    ]
  },
  "FIERY_FERVOR_BOOTS": {
    "COMBAT_0": [
      "SKYBLOCK_COIN:250000",
      "FLAWLESS_JASPER_GEM:1",
      "FLAWLESS_SAPPHIRE_GEM:1",
      "FLAWLESS_RUBY_GEM:1",
      "FLAWLESS_AMETHYST_GEM:1"
    ],
    "COMBAT_1": [
      "SKYBLOCK_COIN:250000",
      "FLAWLESS_JASPER_GEM:1",
      "FLAWLESS_SAPPHIRE_GEM:1",
      "FLAWLESS_RUBY_GEM:1",
      "FLAWLESS_AMETHYST_GEM:1"
    ]
  },
  "FIERY_FERVOR_CHESTPLATE": {
    "COMBAT_0": [
      "SKYBLOCK_COIN:250000",
      "FLAWLESS_JASPER_GEM:1",
      "FLAWLESS_SAPPHIRE_GEM:1",
      "FLAWLESS_RUBY_GEM:1",
      "FLAWLESS_AMETHYST_GEM:1"
    ],
    "COMBAT_1": [
      "SKYBLOCK_COIN:250000",
      "FLAWLESS_JASPER_GEM:1",
      "FLAWLESS_SAPPHIRE_GEM:1",
      "FLAWLESS_RUBY_GEM:1",
      "FLAWLESS_AMETHYST_GEM:1"
    ]
  },
  "FIERY_FERVOR_HELMET": {
    "COMBAT_0": [
      "SKYBLOCK_COIN:250000",
      "FLAWLESS_JASPER_GEM:1",
      "FLAWLESS_SAPPHIRE_GEM:1",
      "FLAWLESS_RUBY_GEM:1",
      "FLAWLESS_AMETHYST_GEM:1"
    ],
    "COMBAT_1": [
      "SKYBLOCK_COIN:250000",
      "FLAWLESS_JASPER_GEM:1",
      "FLAWLESS_SAPPHIRE_GEM:1",
      "FLAWLESS_RUBY_GEM:1",
      "FLAWLESS_AMETHYST_GEM:1"
    ]
  },
  "FIERY_FERVOR_LEGGINGS": {
    "COMBAT_0": [
      "SKYBLOCK_COIN:250000",
      "FLAWLESS_JASPER_GEM:1",
      "FLAWLESS_SAPPHIRE_GEM:1",
      "FLAWLESS_RUBY_GEM:1",
      "FLAWLESS_AMETHYST_GEM:1"
    ],
    "COMBAT_1": [
      "SKYBLOCK_COIN:250000",
      "FLAWLESS_JASPER_GEM:1",
      "FLAWLESS_SAPPHIRE_GEM:1",
      "FLAWLESS_RUBY_GEM:1",
      "FLAWLESS_AMETHYST_GEM:1"
    ]
  },
  "FIERY_HOLLOW_BOOTS": {
    "COMBAT_0": [
      "SKYBLOCK_COIN:250000",
      "FLAWLESS_JASPER_GEM:1",
      "FLAWLESS_SAPPHIRE_GEM:1",
      "FLAWLESS_RUBY_GEM:1",
      "FLAWLESS_AMETHYST_GEM:1"
    ],
    "COMBAT_1": [
      "SKYBLOCK_COIN:250000",
      "FLAWLESS_JASPER_GEM:1",
      "FLAWLESS_SAPPHIRE_GEM:1",
      "FLAWLESS_RUBY_GEM:1",
      "FLAWLESS_AMETHYST_GEM:1"
    ]
  },
  "FIERY_HOLLOW_CHESTPLATE": {
    "COMBAT_0": [
      "SKYBLOCK_COIN:250000",
      "FLAWLESS_JASPER_GEM:1",
      "FLAWLESS_SAPPHIRE_GEM:1",
      "FLAWLESS_RUBY_GEM:1",
      "FLAWLESS_AMETHYST_GEM:1"
    ],
    "COMBAT_1": [
      "SKYBLOCK_COIN:250000",
      "FLAWLESS_JASPER_GEM:1",
      "FLAWLESS_SAPPHIRE_GEM:1",
      "FLAWLESS_RUBY_GEM:1",
      "FLAWLESS_AMETHYST_GEM:1"
    ]
  },
  "FIERY_HOLLOW_HELMET": {
    "COMBAT_0": [
      "SKYBLOCK_COIN:250000",
      "FLAWLESS_JASPER_GEM:1",
      "FLAWLESS_SAPPHIRE_GEM:1",
      "FLAWLESS_RUBY_GEM:1",
      "FLAWLESS_AMETHYST_GEM:1"
    ],
    "COMBAT_1": [
      "SKYBLOCK_COIN:250000",
      "FLAWLESS_JASPER_GEM:1",
      "FLAWLESS_SAPPHIRE_GEM:1",
      "FLAWLESS_RUBY_GEM:1",
      "FLAWLESS_AMETHYST_GEM:1"
    ]
  },
  "FIERY_HOLLOW_LEGGINGS": {
    "COMBAT_0": [
      "SKYBLOCK_COIN:250000",
      "FLAWLESS_JASPER_GEM:1",
      "FLAWLESS_SAPPHIRE_GEM:1",
      "FLAWLESS_RUBY_GEM:1",
      "FLAWLESS_AMETHYST_GEM:1"
    ],
    "COMBAT_1": [
      "SKYBLOCK_COIN:250000",
      "FLAWLESS_JASPER_GEM:1",
      "FLAWLESS_SAPPHIRE_GEM:1",
      "FLAWLESS_RUBY_GEM:1",
      "FLAWLESS_AMETHYST_GEM:1"
    ]
  },
  "FIERY_TERROR_BOOTS": {
    "COMBAT_0": [
      "SKYBLOCK_COIN:250000",
      "FLAWLESS_JASPER_GEM:1",
      "FLAWLESS_SAPPHIRE_GEM:1",
      "FLAWLESS_RUBY_GEM:1",
      "FLAWLESS_AMETHYST_GEM:1"
    ],
    "COMBAT_1": [
      "SKYBLOCK_COIN:250000",
      "FLAWLESS_JASPER_GEM:1",
      "FLAWLESS_SAPPHIRE_GEM:1",
      "FLAWLESS_RUBY_GEM:1",
      "FLAWLESS_AMETHYST_GEM:1"
    ]
  },
  "FIERY_TERROR_CHESTPLATE": {
    "COMBAT_0": [
      "SKYBLOCK_COIN:250000",
      "FLAWLESS_JASPER_GEM:1",
      "FLAWLESS_SAPPHIRE_GEM:1",
      "FLAWLESS_RUBY_GEM:1",
      "FLAWLESS_AMETHYST_GEM:1"
    ],
    "COMBAT_1": [
      "SKYBLOCK_COIN:250000",
      "FLAWLESS_JASPER_GEM:1",
      "FLAWLESS_SAPPHIRE_GEM:1",
      "FLAWLESS_RUBY_GEM:1",
      "FLAWLESS_AMETHYST_GEM:1"
    ]
  },
  "FIERY_TERROR_HELMET": {
    "COMBAT_0": [
      "SKYBLOCK_COIN:250000",
      "FLAWLESS_JASPER_GEM:1",
      "FLAWLESS_SAPPHIRE_GEM:1",
      "FLAWLESS_RUBY_GEM:1",
      "FLAWLESS_AMETHYST_GEM:1"
    ],
    "COMBAT_1": [
      "SKYBLOCK_COIN:250000",
      "FLAWLESS_JASPER_GEM:1",
      "FLAWLESS_SAPPHIRE_GEM:1",
      "FLAWLESS_RUBY_GEM:1",
      "FLAWLESS_AMETHYST_GEM:1"
    ]
  },
  "FIERY_TERROR_LEGGINGS": {
    "COMBAT_0": [
      "SKYBLOCK_COIN:250000",
      "FLAWLESS_JASPER_GEM:1",
      "FLAWLESS_SAPPHIRE_GEM:1",
      "FLAWLESS_RUBY_GEM:1",
      "FLAWLESS_AMETHYST_GEM:1"
    ],
    "COMBAT_1": [
      "SKYBLOCK_COIN:250000",
      "FLAWLESS_JASPER_GEM:1",
      "FLAWLESS_SAPPHIRE_GEM:1",
      "FLAWLESS_RUBY_GEM:1",
      "FLAWLESS_AMETHYST_GEM:1"
    ]
  },
  "FIREDUST_DAGGER": {
    "COMBAT_0": [
      "SKYBLOCK_COIN:250000"
    ]
  },
  "FLAME_BREAKER_BOOTS": {
    "AMBER_0": [
      "SKYBLOCK_COIN:5000",
      "FINE_AMBER_GEM:1"
    ],
    "JADE_0": [
      "SKYBLOCK_COIN:20000",
      "FINE_JADE_GEM:4"
    ]
  },
  "FLAME_BREAKER_CHESTPLATE": {
    "AMBER_0": [
      "SKYBLOCK_COIN:5000",
      "FINE_AMBER_GEM:1"
    ],
    "JADE_0": [
      "SKYBLOCK_COIN:20000",
      "FINE_JADE_GEM:4"
    ]
  },
  "FLAME_BREAKER_HELMET": {
    "AMBER_0": [
      "SKYBLOCK_COIN:5000",
      "FINE_AMBER_GEM:1"
    ],
    "JADE_0": [
      "SKYBLOCK_COIN:20000",
      "FINE_JADE_GEM:4"
    ]
  },
  "FLAME_BREAKER_LEGGINGS": {
    "AMBER_0": [
      "SKYBLOCK_COIN:5000",
      "FINE_AMBER_GEM:1"
    ],
    "JADE_0": [
      "SKYBLOCK_COIN:20000",
      "FINE_JADE_GEM:4"
    ]
  },
  "FLORID_ZOMBIE_SWORD": {
    "RUBY_0": [
      "SKYBLOCK_COIN:20000",
      "FINE_RUBY_GEM:10"
    ]
  },
  "FLOWER_OF_TRUTH": {
    "JASPER_0": [
      "SKYBLOCK_COIN:50000",
      "FINE_JASPER_GEM:20"
    ]
  },
  "FROZEN_BLAZE_BOOTS": {
    "COMBAT_0": [
      "SKYBLOCK_COIN:50000",
      "FINE_JASPER_GEM:5",
      "FINE_SAPPHIRE_GEM:5",
      "FINE_RUBY_GEM:5",
      "FINE_AMETHYST_GEM:5"
    ],
    "JASPER_0": [
      "SKYBLOCK_COIN:50000",
      "FINE_JASPER_GEM:20"
    ]
  },
  "FROZEN_BLAZE_CHESTPLATE": {
    "COMBAT_0": [
      "SKYBLOCK_COIN:50000",
      "FINE_JASPER_GEM:5",
      "FINE_SAPPHIRE_GEM:5",
      "FINE_RUBY_GEM:5",
      "FINE_AMETHYST_GEM:5"
    ],
    "JASPER_0": [
      "SKYBLOCK_COIN:50000",
      "FINE_JASPER_GEM:20"
    ]
  },
  "FROZEN_BLAZE_HELMET": {
    "COMBAT_0": [
      "SKYBLOCK_COIN:50000",
      "FINE_JASPER_GEM:5",
      "FINE_SAPPHIRE_GEM:5",
      "FINE_RUBY_GEM:5",
      "FINE_AMETHYST_GEM:5"
    ],
    "JASPER_0": [
      "SKYBLOCK_COIN:50000",
      "FINE_JASPER_GEM:20"
    ]
  },
  "FROZEN_BLAZE_LEGGINGS": {
    "COMBAT_0": [
      "SKYBLOCK_COIN:50000",
      "FINE_JASPER_GEM:5",
      "FINE_SAPPHIRE_GEM:5",
      "FINE_RUBY_GEM:5",
      "FINE_AMETHYST_GEM:5"
    ],
    "JASPER_0": [
      "SKYBLOCK_COIN:50000",
      "FINE_JASPER_GEM:20"
    ]
  },
  "GEMSTONE_DRILL_4": {
    "JADE_0": [
      "SKYBLOCK_COIN:50000",
      "FINE_JADE_GEM:20"
    ]
  },
  "GIANTS_SWORD": {
    "JASPER_0": [
      "SKYBLOCK_COIN:50000",
      "FINE_JASPER_GEM:20"
    ],
    "JASPER_1": [
      "SKYBLOCK_COIN:100000",
      "FINE_JASPER_GEM:40"
    ]
  },
  "GLACITE_BOOTS": {
    "JADE_0": [
      "SKYBLOCK_COIN:5000",
      "FINE_JADE_GEM:1"
    ]
  },
  "GLACITE_CHESTPLATE": {
    "JADE_0": [
      "SKYBLOCK_COIN:5000",
      "FINE_JADE_GEM:1"
    ]
  },
  "GLACITE_HELMET": {
    "JADE_0": [
      "SKYBLOCK_COIN:5000",
      "FINE_JADE_GEM:1"
    ]
  },
  "GLACITE_LEGGINGS": {
    "JADE_0": [
      "SKYBLOCK_COIN:5000",
      "FINE_JADE_GEM:1"
    ]
  },
  "GOBLIN_BOOTS": {
    "AMBER_0": [
      "SKYBLOCK_COIN:5000"
    ]
  },
  "GOBLIN_CHESTPLATE": {
    "AMBER_0": [
      "SKYBLOCK_COIN:5000"
    ]
  },
  "GOBLIN_HELMET": {
    "AMBER_0": [
      "SKYBLOCK_COIN:5000"
    ]
  },
  "GOBLIN_LEGGINGS": {
    "AMBER_0": [
      "SKYBLOCK_COIN:5000"
    ]
  },
  "GOLD_HUNTER_BOOTS": {
    "COMBAT_1": [
      "SKYBLOCK_COIN:250000"
    ]
  },
  "GOLD_HUNTER_CHESTPLATE": {
    "COMBAT_1": [
      "SKYBLOCK_COIN:250000"
    ]
  },
  "GOLD_HUNTER_HELMET": {
    "COMBAT_1": [
      "SKYBLOCK_COIN:250000"
    ]
  },
  "GOLD_HUNTER_LEGGINGS": {
    "COMBAT_1": [
      "SKYBLOCK_COIN:250000"
    ]
  },
  "HEARTFIRE_DAGGER": {
    "COMBAT_0": [
      "SKYBLOCK_COIN:250000"
    ],
    "OPAL_0": [
      "SKYBLOCK_COIN:500000"
    ]
  },
  "HEARTMAW_DAGGER": {
    "COMBAT_0": [
      "SKYBLOCK_COIN:250000"
    ],
    "OPAL_0": [
      "SKYBLOCK_COIN:500000"
    ]
  },
  "HOLLOW_BOOTS": {
    "COMBAT_0": [
      "SKYBLOCK_COIN:250000",
      "FLAWLESS_JASPER_GEM:1",
      "FLAWLESS_SAPPHIRE_GEM:1",
      "FLAWLESS_RUBY_GEM:1",
      "FLAWLESS_AMETHYST_GEM:1"
    ],
    "COMBAT_1": [
      "SKYBLOCK_COIN:250000",
      "FLAWLESS_JASPER_GEM:1",
      "FLAWLESS_SAPPHIRE_GEM:1",
      "FLAWLESS_RUBY_GEM:1",
      "FLAWLESS_AMETHYST_GEM:1"
    ]
  },
  "HOLLOW_CHESTPLATE": {
    "COMBAT_0": [
      "SKYBLOCK_COIN:250000",
      "FLAWLESS_JASPER_GEM:1",
      "FLAWLESS_SAPPHIRE_GEM:1",
      "FLAWLESS_RUBY_GEM:1",
      "FLAWLESS_AMETHYST_GEM:1"
    ],
    "COMBAT_1": [
      "SKYBLOCK_COIN:250000",
      "FLAWLESS_JASPER_GEM:1",
      "FLAWLESS_SAPPHIRE_GEM:1",
      "FLAWLESS_RUBY_GEM:1",
      "FLAWLESS_AMETHYST_GEM:1"
    ]
  },
  "HOLLOW_HELMET": {
    "COMBAT_0": [
      "SKYBLOCK_COIN:250000",
      "FLAWLESS_JASPER_GEM:1",
      "FLAWLESS_SAPPHIRE_GEM:1",
      "FLAWLESS_RUBY_GEM:1",
      "FLAWLESS_AMETHYST_GEM:1"
    ],
    "COMBAT_1": [
      "SKYBLOCK_COIN:250000",
      "FLAWLESS_JASPER_GEM:1",
      "FLAWLESS_SAPPHIRE_GEM:1",
      "FLAWLESS_RUBY_GEM:1",
      "FLAWLESS_AMETHYST_GEM:1"
    ]
  },
  "HOLLOW_LEGGINGS": {
    "COMBAT_0": [
      "SKYBLOCK_COIN:250000",
      "FLAWLESS_JASPER_GEM:1",
      "FLAWLESS_SAPPHIRE_GEM:1",
      "FLAWLESS_RUBY_GEM:1",
      "FLAWLESS_AMETHYST_GEM:1"
    ],
    "COMBAT_1": [
      "SKYBLOCK_COIN:250000",
      "FLAWLESS_JASPER_GEM:1",
      "FLAWLESS_SAPPHIRE_GEM:1",
      "FLAWLESS_RUBY_GEM:1",
      "FLAWLESS_AMETHYST_GEM:1"
    ]
  },
  "HOLY_DRAGON_BOOTS": {
    "RUBY_0": [
      "SKYBLOCK_COIN:50000",
      "FINE_RUBY_GEM:20"
    ]
  },
  "HOLY_DRAGON_CHESTPLATE": {
    "RUBY_0": [
      "SKYBLOCK_COIN:50000",
      "FINE_RUBY_GEM:20"
    ]
  },
  "HOLY_DRAGON_HELMET": {
    "RUBY_0": [
      "SKYBLOCK_COIN:50000",
      "FINE_RUBY_GEM:20"
    ]
  },
  "HOLY_DRAGON_LEGGINGS": {
    "RUBY_0": [
      "SKYBLOCK_COIN:50000",
      "FINE_RUBY_GEM:20"
    ]
  },
  "HOT_AURORA_BOOTS": {
    "COMBAT_0": [
      "SKYBLOCK_COIN:250000",
      "FLAWLESS_JASPER_GEM:1",
      "FLAWLESS_SAPPHIRE_GEM:1",
      "FLAWLESS_RUBY_GEM:1",
      "FLAWLESS_AMETHYST_GEM:1"
    ],
    "COMBAT_1": [
      "SKYBLOCK_COIN:250000",
      "FLAWLESS_JASPER_GEM:1",
      "FLAWLESS_SAPPHIRE_GEM:1",
      "FLAWLESS_RUBY_GEM:1",
      "FLAWLESS_AMETHYST_GEM:1"
    ]
  },
  "HOT_AURORA_CHESTPLATE": {
    "COMBAT_0": [
      "SKYBLOCK_COIN:250000",
      "FLAWLESS_JASPER_GEM:1",
      "FLAWLESS_SAPPHIRE_GEM:1",
      "FLAWLESS_RUBY_GEM:1",
      "FLAWLESS_AMETHYST_GEM:1"
    ],
    "COMBAT_1": [
      "SKYBLOCK_COIN:250000",
      "FLAWLESS_JASPER_GEM:1",
      "FLAWLESS_SAPPHIRE_GEM:1",
      "FLAWLESS_RUBY_GEM:1",
      "FLAWLESS_AMETHYST_GEM:1"
    ]
  },
  "HOT_AURORA_HELMET": {
    "COMBAT_0": [
      "SKYBLOCK_COIN:250000",
      "FLAWLESS_JASPER_GEM:1",
      "FLAWLESS_SAPPHIRE_GEM:1",
      "FLAWLESS_RUBY_GEM:1",
      "FLAWLESS_AMETHYST_GEM:1"
    ],
    "COMBAT_1": [
      "SKYBLOCK_COIN:250000",
      "FLAWLESS_JASPER_GEM:1",
      "FLAWLESS_SAPPHIRE_GEM:1",
      "FLAWLESS_RUBY_GEM:1",
      "FLAWLESS_AMETHYST_GEM:1"
    ]
  },
  "HOT_AURORA_LEGGINGS": {
    "COMBAT_0": [
      "SKYBLOCK_COIN:250000",
      "FLAWLESS_JASPER_GEM:1",
      "FLAWLESS_SAPPHIRE_GEM:1",
      "FLAWLESS_RUBY_GEM:1",
      "FLAWLESS_AMETHYST_GEM:1"
    ],
    "COMBAT_1": [
      "SKYBLOCK_COIN:250000",
      "FLAWLESS_JASPER_GEM:1",
      "FLAWLESS_SAPPHIRE_GEM:1",
      "FLAWLESS_RUBY_GEM:1",
      "FLAWLESS_AMETHYST_GEM:1"
    ]
  },
  "HOT_CRIMSON_BOOTS": {
    "COMBAT_0": [
      "SKYBLOCK_COIN:250000",
      "FLAWLESS_JASPER_GEM:1",
      "FLAWLESS_SAPPHIRE_GEM:1",
      "FLAWLESS_RUBY_GEM:1",
      "FLAWLESS_AMETHYST_GEM:1"
    ],
    "COMBAT_1": [
      "SKYBLOCK_COIN:250000",
      "FLAWLESS_JASPER_GEM:1",
      "FLAWLESS_SAPPHIRE_GEM:1",
      "FLAWLESS_RUBY_GEM:1",
      "FLAWLESS_AMETHYST_GEM:1"
    ]
  },
  "HOT_CRIMSON_CHESTPLATE": {
    "COMBAT_0": [
      "SKYBLOCK_COIN:250000",
      "FLAWLESS_JASPER_GEM:1",
      "FLAWLESS_SAPPHIRE_GEM:1",
      "FLAWLESS_RUBY_GEM:1",
      "FLAWLESS_AMETHYST_GEM:1"
    ],
    "COMBAT_1": [
      "SKYBLOCK_COIN:250000",
      "FLAWLESS_JASPER_GEM:1",
      "FLAWLESS_SAPPHIRE_GEM:1",
      "FLAWLESS_RUBY_GEM:1",
      "FLAWLESS_AMETHYST_GEM:1"
    ]
  },
  "HOT_CRIMSON_HELMET": {
    "COMBAT_0": [
      "SKYBLOCK_COIN:250000",
      "FLAWLESS_JASPER_GEM:1",
      "FLAWLESS_SAPPHIRE_GEM:1",
      "FLAWLESS_RUBY_GEM:1",
      "FLAWLESS_AMETHYST_GEM:1"
    ],
    "COMBAT_1": [
      "SKYBLOCK_COIN:250000",
      "FLAWLESS_JASPER_GEM:1",
      "FLAWLESS_SAPPHIRE_GEM:1",
      "FLAWLESS_RUBY_GEM:1",
      "FLAWLESS_AMETHYST_GEM:1"
    ]
  },
  "HOT_CRIMSON_LEGGINGS": {
    "COMBAT_0": [
      "SKYBLOCK_COIN:250000",
      "FLAWLESS_JASPER_GEM:1",
      "FLAWLESS_SAPPHIRE_GEM:1",
      "FLAWLESS_RUBY_GEM:1",
      "FLAWLESS_AMETHYST_GEM:1"
    ],
    "COMBAT_1": [
      "SKYBLOCK_COIN:250000",
      "FLAWLESS_JASPER_GEM:1",
      "FLAWLESS_SAPPHIRE_GEM:1",
      "FLAWLESS_RUBY_GEM:1",
      "FLAWLESS_AMETHYST_GEM:1"
    ]
  },
  "HOT_FERVOR_BOOTS": {
    "COMBAT_0": [
      "SKYBLOCK_COIN:250000",
      "FLAWLESS_JASPER_GEM:1",
      "FLAWLESS_SAPPHIRE_GEM:1",
      "FLAWLESS_RUBY_GEM:1",
      "FLAWLESS_AMETHYST_GEM:1"
    ],
    "COMBAT_1": [
      "SKYBLOCK_COIN:250000",
      "FLAWLESS_JASPER_GEM:1",
      "FLAWLESS_SAPPHIRE_GEM:1",
      "FLAWLESS_RUBY_GEM:1",
      "FLAWLESS_AMETHYST_GEM:1"
    ]
  },
  "HOT_FERVOR_CHESTPLATE": {
    "COMBAT_0": [
      "SKYBLOCK_COIN:250000",
      "FLAWLESS_JASPER_GEM:1",
      "FLAWLESS_SAPPHIRE_GEM:1",
      "FLAWLESS_RUBY_GEM:1",
      "FLAWLESS_AMETHYST_GEM:1"
    ],
    "COMBAT_1": [
      "SKYBLOCK_COIN:250000",
      "FLAWLESS_JASPER_GEM:1",
      "FLAWLESS_SAPPHIRE_GEM:1",
      "FLAWLESS_RUBY_GEM:1",
      "FLAWLESS_AMETHYST_GEM:1"
    ]
  },
  "HOT_FERVOR_HELMET": {
    "COMBAT_0": [
      "SKYBLOCK_COIN:250000",
      "FLAWLESS_JASPER_GEM:1",
      "FLAWLESS_SAPPHIRE_GEM:1",
      "FLAWLESS_RUBY_GEM:1",
      "FLAWLESS_AMETHYST_GEM:1"
    ],
    "COMBAT_1": [
      "SKYBLOCK_COIN:250000",
      "FLAWLESS_JASPER_GEM:1",
      "FLAWLESS_SAPPHIRE_GEM:1",
      "FLAWLESS_RUBY_GEM:1",
      "FLAWLESS_AMETHYST_GEM:1"
    ]
  },
  "HOT_FERVOR_LEGGINGS": {
    "COMBAT_0": [
      "SKYBLOCK_COIN:250000",
      "FLAWLESS_JASPER_GEM:1",
      "FLAWLESS_SAPPHIRE_GEM:1",
      "FLAWLESS_RUBY_GEM:1",
      "FLAWLESS_AMETHYST_GEM:1"
    ],
    "COMBAT_1": [
      "SKYBLOCK_COIN:250000",
      "FLAWLESS_JASPER_GEM:1",
      "FLAWLESS_SAPPHIRE_GEM:1",
      "FLAWLESS_RUBY_GEM:1",
      "FLAWLESS_AMETHYST_GEM:1"
    ]
  },
  "HOT_HOLLOW_BOOTS": {
    "COMBAT_0": [
      "SKYBLOCK_COIN:250000",
      "FLAWLESS_JASPER_GEM:1",
      "FLAWLESS_SAPPHIRE_GEM:1",
      "FLAWLESS_RUBY_GEM:1",
      "FLAWLESS_AMETHYST_GEM:1"
    ],
    "COMBAT_1": [
      "SKYBLOCK_COIN:250000",
      "FLAWLESS_JASPER_GEM:1",
      "FLAWLESS_SAPPHIRE_GEM:1",
      "FLAWLESS_RUBY_GEM:1",
      "FLAWLESS_AMETHYST_GEM:1"
    ]
  },
  "HOT_HOLLOW_CHESTPLATE": {
    "COMBAT_0": [
      "SKYBLOCK_COIN:250000",
      "FLAWLESS_JASPER_GEM:1",
      "FLAWLESS_SAPPHIRE_GEM:1",
      "FLAWLESS_RUBY_GEM:1",
      "FLAWLESS_AMETHYST_GEM:1"
    ],
    "COMBAT_1": [
      "SKYBLOCK_COIN:250000",
      "FLAWLESS_JASPER_GEM:1",
      "FLAWLESS_SAPPHIRE_GEM:1",
      "FLAWLESS_RUBY_GEM:1",
      "FLAWLESS_AMETHYST_GEM:1"
    ]
  },
  "HOT_HOLLOW_HELMET": {
    "COMBAT_0": [
      "SKYBLOCK_COIN:250000",
      "FLAWLESS_JASPER_GEM:1",
      "FLAWLESS_SAPPHIRE_GEM:1",
      "FLAWLESS_RUBY_GEM:1",
      "FLAWLESS_AMETHYST_GEM:1"
    ],
    "COMBAT_1": [
      "SKYBLOCK_COIN:250000",
      "FLAWLESS_JASPER_GEM:1",
      "FLAWLESS_SAPPHIRE_GEM:1",
      "FLAWLESS_RUBY_GEM:1",
      "FLAWLESS_AMETHYST_GEM:1"
    ]
  },
  "HOT_HOLLOW_LEGGINGS": {
    "COMBAT_0": [
      "SKYBLOCK_COIN:250000",
      "FLAWLESS_JASPER_GEM:1",
      "FLAWLESS_SAPPHIRE_GEM:1",
      "FLAWLESS_RUBY_GEM:1",
      "FLAWLESS_AMETHYST_GEM:1"
    ],
    "COMBAT_1": [
      "SKYBLOCK_COIN:250000",
      "FLAWLESS_JASPER_GEM:1",
      "FLAWLESS_SAPPHIRE_GEM:1",
      "FLAWLESS_RUBY_GEM:1",
      "FLAWLESS_AMETHYST_GEM:1"
    ]
  },
  "HOT_TERROR_BOOTS": {
    "COMBAT_0": [
      "SKYBLOCK_COIN:250000",
      "FLAWLESS_JASPER_GEM:1",
      "FLAWLESS_SAPPHIRE_GEM:1",
      "FLAWLESS_RUBY_GEM:1",
      "FLAWLESS_AMETHYST_GEM:1"
    ],
    "COMBAT_1": [
      "SKYBLOCK_COIN:250000",
      "FLAWLESS_JASPER_GEM:1",
      "FLAWLESS_SAPPHIRE_GEM:1",
      "FLAWLESS_RUBY_GEM:1",
      "FLAWLESS_AMETHYST_GEM:1"
    ]
  },
  "HOT_TERROR_CHESTPLATE": {
    "COMBAT_0": [
      "SKYBLOCK_COIN:250000",
      "FLAWLESS_JASPER_GEM:1",
      "FLAWLESS_SAPPHIRE_GEM:1",
      "FLAWLESS_RUBY_GEM:1",
      "FLAWLESS_AMETHYST_GEM:1"
    ],
    "COMBAT_1": [
      "SKYBLOCK_COIN:250000",
      "FLAWLESS_JASPER_GEM:1",
      "FLAWLESS_SAPPHIRE_GEM:1",
      "FLAWLESS_RUBY_GEM:1",
      "FLAWLESS_AMETHYST_GEM:1"
    ]
  },
  "HOT_TERROR_HELMET": {
    "COMBAT_0": [
      "SKYBLOCK_COIN:250000",
      "FLAWLESS_JASPER_GEM:1",
      "FLAWLESS_SAPPHIRE_GEM:1",
      "FLAWLESS_RUBY_GEM:1",
      "FLAWLESS_AMETHYST_GEM:1"
    ],
    "COMBAT_1": [
      "SKYBLOCK_COIN:250000",
      "FLAWLESS_JASPER_GEM:1",
      "FLAWLESS_SAPPHIRE_GEM:1",
      "FLAWLESS_RUBY_GEM:1",
      "FLAWLESS_AMETHYST_GEM:1"
    ]
  },
  "HOT_TERROR_LEGGINGS": {
    "COMBAT_0": [
      "SKYBLOCK_COIN:250000",
      "FLAWLESS_JASPER_GEM:1",
      "FLAWLESS_SAPPHIRE_GEM:1",
      "FLAWLESS_RUBY_GEM:1",
      "FLAWLESS_AMETHYST_GEM:1"
    ],
    "COMBAT_1": [
      "SKYBLOCK_COIN:250000",
      "FLAWLESS_JASPER_GEM:1",
      "FLAWLESS_SAPPHIRE_GEM:1",
      "FLAWLESS_RUBY_GEM:1",
      "FLAWLESS_AMETHYST_GEM:1"
    ]
  },
  "HYPERION": {
    "COMBAT_0": [
      "SKYBLOCK_COIN:250000",
      "FLAWLESS_JASPER_GEM:1",
      "FLAWLESS_SAPPHIRE_GEM:1",
      "FLAWLESS_RUBY_GEM:1",
      "FLAWLESS_AMETHYST_GEM:1"
    ],
    "SAPPHIRE_0": [
      "SKYBLOCK_COIN:250000",
      "FLAWLESS_SAPPHIRE_GEM:4"
    ]
  },
  "ICE_SPRAY_WAND": {
    "SAPPHIRE_0": [
      "SKYBLOCK_COIN:50000",
      "FINE_SAPPHIRE_GEM:20"
    ]
  },
  "INFERNAL_AURORA_BOOTS": {
    "COMBAT_0": [
      "SKYBLOCK_COIN:250000",
      "FLAWLESS_JASPER_GEM:1",
      "FLAWLESS_SAPPHIRE_GEM:1",
      "FLAWLESS_RUBY_GEM:1",
      "FLAWLESS_AMETHYST_GEM:1"
    ],
    "COMBAT_1": [
      "SKYBLOCK_COIN:250000",
      "FLAWLESS_JASPER_GEM:1",
      "FLAWLESS_SAPPHIRE_GEM:1",
      "FLAWLESS_RUBY_GEM:1",
      "FLAWLESS_AMETHYST_GEM:1"
    ]
  },
  "INFERNAL_AURORA_CHESTPLATE": {
    "COMBAT_0": [
      "SKYBLOCK_COIN:250000",
      "FLAWLESS_JASPER_GEM:1",
      "FLAWLESS_SAPPHIRE_GEM:1",
      "FLAWLESS_RUBY_GEM:1",
      "FLAWLESS_AMETHYST_GEM:1"
    ],
    "COMBAT_1": [
      "SKYBLOCK_COIN:250000",
      "FLAWLESS_JASPER_GEM:1",
      "FLAWLESS_SAPPHIRE_GEM:1",
      "FLAWLESS_RUBY_GEM:1",
      "FLAWLESS_AMETHYST_GEM:1"
    ]
  },
  "INFERNAL_AURORA_HELMET": {
    "COMBAT_0": [
      "SKYBLOCK_COIN:250000",
      "FLAWLESS_JASPER_GEM:1",
      "FLAWLESS_SAPPHIRE_GEM:1",
      "FLAWLESS_RUBY_GEM:1",
      "FLAWLESS_AMETHYST_GEM:1"
    ],
    "COMBAT_1": [
      "SKYBLOCK_COIN:250000",
      "FLAWLESS_JASPER_GEM:1",
      "FLAWLESS_SAPPHIRE_GEM:1",
      "FLAWLESS_RUBY_GEM:1",
      "FLAWLESS_AMETHYST_GEM:1"
    ]
  },
  "INFERNAL_AURORA_LEGGINGS": {
    "COMBAT_0": [
      "SKYBLOCK_COIN:250000",
      "FLAWLESS_JASPER_GEM:1",
      "FLAWLESS_SAPPHIRE_GEM:1",
      "FLAWLESS_RUBY_GEM:1",
      "FLAWLESS_AMETHYST_GEM:1"
    ],
    "COMBAT_1": [
      "SKYBLOCK_COIN:250000",
      "FLAWLESS_JASPER_GEM:1",
      "FLAWLESS_SAPPHIRE_GEM:1",
      "FLAWLESS_RUBY_GEM:1",
      "FLAWLESS_AMETHYST_GEM:1"
    ]
  },
  "INFERNAL_CRIMSON_BOOTS": {
    "COMBAT_0": [
      "SKYBLOCK_COIN:250000",
      "FLAWLESS_JASPER_GEM:1",
      "FLAWLESS_SAPPHIRE_GEM:1",
      "FLAWLESS_RUBY_GEM:1",
      "FLAWLESS_AMETHYST_GEM:1"
    ],
    "COMBAT_1": [
      "SKYBLOCK_COIN:250000",
      "FLAWLESS_JASPER_GEM:1",
      "FLAWLESS_SAPPHIRE_GEM:1",
      "FLAWLESS_RUBY_GEM:1",
      "FLAWLESS_AMETHYST_GEM:1"
    ]
  },
  "INFERNAL_CRIMSON_CHESTPLATE": {
    "COMBAT_0": [
      "SKYBLOCK_COIN:250000",
      "FLAWLESS_JASPER_GEM:1",
      "FLAWLESS_SAPPHIRE_GEM:1",
      "FLAWLESS_RUBY_GEM:1",
      "FLAWLESS_AMETHYST_GEM:1"
    ],
    "COMBAT_1": [
      "SKYBLOCK_COIN:250000",
      "FLAWLESS_JASPER_GEM:1",
      "FLAWLESS_SAPPHIRE_GEM:1",
      "FLAWLESS_RUBY_GEM:1",
      "FLAWLESS_AMETHYST_GEM:1"
    ]
  },
  "INFERNAL_CRIMSON_HELMET": {
    "COMBAT_0": [
      "SKYBLOCK_COIN:250000",
      "FLAWLESS_JASPER_GEM:1",
      "FLAWLESS_SAPPHIRE_GEM:1",
      "FLAWLESS_RUBY_GEM:1",
      "FLAWLESS_AMETHYST_GEM:1"
    ],
    "COMBAT_1": [
      "SKYBLOCK_COIN:250000",
      "FLAWLESS_JASPER_GEM:1",
      "FLAWLESS_SAPPHIRE_GEM:1",
      "FLAWLESS_RUBY_GEM:1",
      "FLAWLESS_AMETHYST_GEM:1"
    ]
  },
  "INFERNAL_CRIMSON_LEGGINGS": {
    "COMBAT_0": [
      "SKYBLOCK_COIN:250000",
      "FLAWLESS_JASPER_GEM:1",
      "FLAWLESS_SAPPHIRE_GEM:1",
      "FLAWLESS_RUBY_GEM:1",
      "FLAWLESS_AMETHYST_GEM:1"
    ],
    "COMBAT_1": [
      "SKYBLOCK_COIN:250000",
      "FLAWLESS_JASPER_GEM:1",
      "FLAWLESS_SAPPHIRE_GEM:1",
      "FLAWLESS_RUBY_GEM:1",
      "FLAWLESS_AMETHYST_GEM:1"
    ]
  },
  "INFERNAL_FERVOR_BOOTS": {
    "COMBAT_0": [
      "SKYBLOCK_COIN:250000",
      "FLAWLESS_JASPER_GEM:1",
      "FLAWLESS_SAPPHIRE_GEM:1",
      "FLAWLESS_RUBY_GEM:1",
      "FLAWLESS_AMETHYST_GEM:1"
    ],
    "COMBAT_1": [
      "SKYBLOCK_COIN:250000",
      "FLAWLESS_JASPER_GEM:1",
      "FLAWLESS_SAPPHIRE_GEM:1",
      "FLAWLESS_RUBY_GEM:1",
      "FLAWLESS_AMETHYST_GEM:1"
    ]
  },
  "INFERNAL_FERVOR_CHESTPLATE": {
    "COMBAT_0": [
      "SKYBLOCK_COIN:250000",
      "FLAWLESS_JASPER_GEM:1",
      "FLAWLESS_SAPPHIRE_GEM:1",
      "FLAWLESS_RUBY_GEM:1",
      "FLAWLESS_AMETHYST_GEM:1"
    ],
    "COMBAT_1": [
      "SKYBLOCK_COIN:250000",
      "FLAWLESS_JASPER_GEM:1",
      "FLAWLESS_SAPPHIRE_GEM:1",
      "FLAWLESS_RUBY_GEM:1",
      "FLAWLESS_AMETHYST_GEM:1"
    ]
  },
  "INFERNAL_FERVOR_HELMET": {
    "COMBAT_0": [
      "SKYBLOCK_COIN:250000",
      "FLAWLESS_JASPER_GEM:1",
      "FLAWLESS_SAPPHIRE_GEM:1",
      "FLAWLESS_RUBY_GEM:1",
      "FLAWLESS_AMETHYST_GEM:1"
    ],
    "COMBAT_1": [
      "SKYBLOCK_COIN:250000",
      "FLAWLESS_JASPER_GEM:1",
      "FLAWLESS_SAPPHIRE_GEM:1",
      "FLAWLESS_RUBY_GEM:1",
      "FLAWLESS_AMETHYST_GEM:1"
    ]
  },
  "INFERNAL_FERVOR_LEGGINGS": {
    "COMBAT_0": [
      "SKYBLOCK_COIN:250000",
      "FLAWLESS_JASPER_GEM:1",
      "FLAWLESS_SAPPHIRE_GEM:1",
      "FLAWLESS_RUBY_GEM:1",
      "FLAWLESS_AMETHYST_GEM:1"
    ],
    "COMBAT_1": [
      "SKYBLOCK_COIN:250000",
      "FLAWLESS_JASPER_GEM:1",
      "FLAWLESS_SAPPHIRE_GEM:1",
      "FLAWLESS_RUBY_GEM:1",
      "FLAWLESS_AMETHYST_GEM:1"
    ]
  },
  "INFERNAL_HOLLOW_BOOTS": {
    "COMBAT_0": [
      "SKYBLOCK_COIN:250000",
      "FLAWLESS_JASPER_GEM:1",
      "FLAWLESS_SAPPHIRE_GEM:1",
      "FLAWLESS_RUBY_GEM:1",
      "FLAWLESS_AMETHYST_GEM:1"
    ],
    "COMBAT_1": [
      "SKYBLOCK_COIN:250000",
      "FLAWLESS_JASPER_GEM:1",
      "FLAWLESS_SAPPHIRE_GEM:1",
      "FLAWLESS_RUBY_GEM:1",
      "FLAWLESS_AMETHYST_GEM:1"
    ]
  },
  "INFERNAL_HOLLOW_CHESTPLATE": {
    "COMBAT_0": [
      "SKYBLOCK_COIN:250000",
      "FLAWLESS_JASPER_GEM:1",
      "FLAWLESS_SAPPHIRE_GEM:1",
      "FLAWLESS_RUBY_GEM:1",
      "FLAWLESS_AMETHYST_GEM:1"
    ],
    "COMBAT_1": [
      "SKYBLOCK_COIN:250000",
      "FLAWLESS_JASPER_GEM:1",
      "FLAWLESS_SAPPHIRE_GEM:1",
      "FLAWLESS_RUBY_GEM:1",
      "FLAWLESS_AMETHYST_GEM:1"
    ]
  },
  "INFERNAL_HOLLOW_HELMET": {
    "COMBAT_0": [
      "SKYBLOCK_COIN:250000",
      "FLAWLESS_JASPER_GEM:1",
      "FLAWLESS_SAPPHIRE_GEM:1",
      "FLAWLESS_RUBY_GEM:1",
      "FLAWLESS_AMETHYST_GEM:1"
    ],
    "COMBAT_1": [
      "SKYBLOCK_COIN:250000",
      "FLAWLESS_JASPER_GEM:1",
      "FLAWLESS_SAPPHIRE_GEM:1",
      "FLAWLESS_RUBY_GEM:1",
      "FLAWLESS_AMETHYST_GEM:1"
    ]
  },
  "INFERNAL_HOLLOW_LEGGINGS": {
    "COMBAT_0": [
      "SKYBLOCK_COIN:250000",
      "FLAWLESS_JASPER_GEM:1",
      "FLAWLESS_SAPPHIRE_GEM:1",
      "FLAWLESS_RUBY_GEM:1",
      "FLAWLESS_AMETHYST_GEM:1"
    ],
    "COMBAT_1": [
      "SKYBLOCK_COIN:250000",
      "FLAWLESS_JASPER_GEM:1",
      "FLAWLESS_SAPPHIRE_GEM:1",
      "FLAWLESS_RUBY_GEM:1",
      "FLAWLESS_AMETHYST_GEM:1"
    ]
  },
  "INFERNAL_TERROR_BOOTS": {
    "COMBAT_0": [
      "SKYBLOCK_COIN:250000",
      "FLAWLESS_JASPER_GEM:1",
      "FLAWLESS_SAPPHIRE_GEM:1",
      "FLAWLESS_RUBY_GEM:1",
      "FLAWLESS_AMETHYST_GEM:1"
    ],
    "COMBAT_1": [
      "SKYBLOCK_COIN:250000",
      "FLAWLESS_JASPER_GEM:1",
      "FLAWLESS_SAPPHIRE_GEM:1",
      "FLAWLESS_RUBY_GEM:1",
      "FLAWLESS_AMETHYST_GEM:1"
    ]
  },
  "INFERNAL_TERROR_CHESTPLATE": {
    "COMBAT_0": [
      "SKYBLOCK_COIN:250000",
      "FLAWLESS_JASPER_GEM:1",
      "FLAWLESS_SAPPHIRE_GEM:1",
      "FLAWLESS_RUBY_GEM:1",
      "FLAWLESS_AMETHYST_GEM:1"
    ],
    "COMBAT_1": [
      "SKYBLOCK_COIN:250000",
      "FLAWLESS_JASPER_GEM:1",
      "FLAWLESS_SAPPHIRE_GEM:1",
      "FLAWLESS_RUBY_GEM:1",
      "FLAWLESS_AMETHYST_GEM:1"
    ]
  },
  "INFERNAL_TERROR_HELMET": {
    "COMBAT_0": [
      "SKYBLOCK_COIN:250000",
      "FLAWLESS_JASPER_GEM:1",
      "FLAWLESS_SAPPHIRE_GEM:1",
      "FLAWLESS_RUBY_GEM:1",
      "FLAWLESS_AMETHYST_GEM:1"
    ],
    "COMBAT_1": [
      "SKYBLOCK_COIN:250000",
      "FLAWLESS_JASPER_GEM:1",
      "FLAWLESS_SAPPHIRE_GEM:1",
      "FLAWLESS_RUBY_GEM:1",
      "FLAWLESS_AMETHYST_GEM:1"
    ]
  },
  "INFERNAL_TERROR_LEGGINGS": {
    "COMBAT_0": [
      "SKYBLOCK_COIN:250000",
      "FLAWLESS_JASPER_GEM:1",
      "FLAWLESS_SAPPHIRE_GEM:1",
      "FLAWLESS_RUBY_GEM:1",
      "FLAWLESS_AMETHYST_GEM:1"
    ],
    "COMBAT_1": [
      "SKYBLOCK_COIN:250000",
      "FLAWLESS_JASPER_GEM:1",
      "FLAWLESS_SAPPHIRE_GEM:1",
      "FLAWLESS_RUBY_GEM:1",
      "FLAWLESS_AMETHYST_GEM:1"
    ]
  },
  "LIVID_DAGGER": {
    "JASPER_0": [
      "SKYBLOCK_COIN:50000",
      "FINE_JASPER_GEM:20"
    ]
  },
  "MASTIFF_BOOTS": {
    "RUBY_2": [
      "SKYBLOCK_COIN:5000",
      "FINE_RUBY_GEM:1"
    ],
    "RUBY_3": [
      "SKYBLOCK_COIN:20000",
      "FINE_RUBY_GEM:4"
    ],
    "RUBY_4": [
      "SKYBLOCK_COIN:50000",
      "FINE_RUBY_GEM:16"
    ]
  },
  "MASTIFF_CHESTPLATE": {
    "RUBY_2": [
      "SKYBLOCK_COIN:5000",
      "FINE_RUBY_GEM:1"
    ],
    "RUBY_3": [
      "SKYBLOCK_COIN:20000",
      "FINE_RUBY_GEM:4"
    ],
    "RUBY_4": [
      "SKYBLOCK_COIN:50000",
      "FINE_RUBY_GEM:16"
    ]
  },
  "MASTIFF_HELMET": {
    "RUBY_2": [
      "SKYBLOCK_COIN:5000",
      "FINE_RUBY_GEM:1"
    ],
    "RUBY_3": [
      "SKYBLOCK_COIN:20000",
      "FINE_RUBY_GEM:4"
    ],
    "RUBY_4": [
      "SKYBLOCK_COIN:50000",
      "FINE_RUBY_GEM:16"
    ]
  },
  "MASTIFF_LEGGINGS": {
    "RUBY_2": [
      "SKYBLOCK_COIN:5000",
      "FINE_RUBY_GEM:1"
    ],
    "RUBY_3": [
      "SKYBLOCK_COIN:20000",
      "FINE_RUBY_GEM:4"
    ],
    "RUBY_4": [
      "SKYBLOCK_COIN:50000",
      "FINE_RUBY_GEM:16"
    ]
  },
  "MAWDUST_DAGGER": {
    "COMBAT_0": [
      "SKYBLOCK_COIN:250000"
    ]
  },
  "MIDAS_SWORD": {
    "COMBAT_0": [
      "SKYBLOCK_COIN:100000",
      "FINE_JASPER_GEM:40",
      "FINE_SAPPHIRE_GEM:40",
      "FINE_RUBY_GEM:40",
      "FINE_AMETHYST_GEM:40"
    ],
    "JASPER_0": [
      "SKYBLOCK_COIN:50000",
      "FINE_JASPER_GEM:20"
    ]
  },
  "NECROMANCER_LORD_BOOTS": {
    "COMBAT_0": [
      "SKYBLOCK_COIN:50000",
      "FINE_JASPER_GEM:5",
      "FINE_SAPPHIRE_GEM:5",
      "FINE_RUBY_GEM:5",
      "FINE_AMETHYST_GEM:5"
    ]
  },
  "NECROMANCER_LORD_CHESTPLATE": {
    "COMBAT_0": [
      "SKYBLOCK_COIN:50000",
      "FINE_JASPER_GEM:5",
      "FINE_SAPPHIRE_GEM:5",
      "FINE_RUBY_GEM:5",
      "FINE_AMETHYST_GEM:5"
    ]
  },
  "NECROMANCER_LORD_HELMET": {
    "COMBAT_0": [
      "SKYBLOCK_COIN:50000",
      "FINE_JASPER_GEM:5",
      "FINE_SAPPHIRE_GEM:5",
      "FINE_RUBY_GEM:5",
      "FINE_AMETHYST_GEM:5"
    ]
  },
  "NECROMANCER_LORD_LEGGINGS": {
    "COMBAT_0": [
      "SKYBLOCK_COIN:50000",
      "FINE_JASPER_GEM:5",
      "FINE_SAPPHIRE_GEM:5",
      "FINE_RUBY_GEM:5",
      "FINE_AMETHYST_GEM:5"
    ]
  },
  "OLD_DRAGON_BOOTS": {
    "DEFENSIVE_0": [
      "SKYBLOCK_COIN:50000",
      "FINE_RUBY_GEM:10",
      "FINE_AMETHYST_GEM:10"
    ]
  },
  "OLD_DRAGON_CHESTPLATE": {
    "DEFENSIVE_0": [
      "SKYBLOCK_COIN:50000",
      "FINE_RUBY_GEM:10",
      "FINE_AMETHYST_GEM:10"
    ]
  },
  "OLD_DRAGON_HELMET": {
    "DEFENSIVE_0": [
      "SKYBLOCK_COIN:50000",
      "FINE_RUBY_GEM:10",
      "FINE_AMETHYST_GEM:10"
    ]
  },
  "OLD_DRAGON_LEGGINGS": {
    "DEFENSIVE_0": [
      "SKYBLOCK_COIN:50000",
      "FINE_RUBY_GEM:10",
      "FINE_AMETHYST_GEM:10"
    ]
  },
  "ORNATE_ZOMBIE_SWORD": {
    "RUBY_0": [
      "SKYBLOCK_COIN:20000",
      "FINE_RUBY_GEM:10"
    ]
  },
  "POOCH_SWORD": {
    "JASPER_0": [
      "SKYBLOCK_COIN:50000",
      "FINE_JASPER_GEM:20"
    ]
  },
  "POWER_WITHER_BOOTS": {
    "COMBAT_0": [
      "SKYBLOCK_COIN:250000",
      "FLAWLESS_JASPER_GEM:1",
      "FLAWLESS_SAPPHIRE_GEM:1",
      "FLAWLESS_RUBY_GEM:1",
      "FLAWLESS_AMETHYST_GEM:1"
    ],
    "JASPER_0": [
      "SKYBLOCK_COIN:250000",
      "FLAWLESS_JASPER_GEM:2"
    ]
  },
  "POWER_WITHER_CHESTPLATE": {
    "COMBAT_0": [
      "SKYBLOCK_COIN:250000",
      "FLAWLESS_JASPER_GEM:1",
      "FLAWLESS_SAPPHIRE_GEM:1",
      "FLAWLESS_RUBY_GEM:1",
      "FLAWLESS_AMETHYST_GEM:1"
    ],
    "JASPER_0": [
      "SKYBLOCK_COIN:250000",
      "FLAWLESS_JASPER_GEM:2"
    ]
  },
  "POWER_WITHER_HELMET": {
    "COMBAT_0": [
      "SKYBLOCK_COIN:250000",
      "FLAWLESS_JASPER_GEM:1",
      "FLAWLESS_SAPPHIRE_GEM:1",
      "FLAWLESS_RUBY_GEM:1",
      "FLAWLESS_AMETHYST_GEM:1"
    ],
    "JASPER_0": [
      "SKYBLOCK_COIN:250000",
      "FLAWLESS_JASPER_GEM:2"
    ]
  },
  "POWER_WITHER_LEGGINGS": {
    "COMBAT_0": [
      "SKYBLOCK_COIN:250000",
      "FLAWLESS_JASPER_GEM:1",
      "FLAWLESS_SAPPHIRE_GEM:1",
      "FLAWLESS_RUBY_GEM:1",
      "FLAWLESS_AMETHYST_GEM:1"
    ],
    "JASPER_0": [
      "SKYBLOCK_COIN:250000",
      "FLAWLESS_JASPER_GEM:2"
    ]
  },
  "PRECURSOR_EYE": {
    "AMETHYST_0": [
      "SKYBLOCK_COIN:100000",
      "FINE_AMETHYST_GEM:40"
    ],
    "RUBY_0": [
      "SKYBLOCK_COIN:50000",
      "FINE_RUBY_GEM:20"
    ]
  },
  "PROTECTOR_DRAGON_BOOTS": {
    "AMETHYST_0": [
      "SKYBLOCK_COIN:50000",
      "FINE_AMETHYST_GEM:20"
    ]
  },
  "PROTECTOR_DRAGON_CHESTPLATE": {
    "AMETHYST_0": [
      "SKYBLOCK_COIN:50000",
      "FINE_AMETHYST_GEM:20"
    ]
  },
  "PROTECTOR_DRAGON_HELMET": {
    "AMETHYST_0": [
      "SKYBLOCK_COIN:50000",
      "FINE_AMETHYST_GEM:20"
    ]
  },
  "PROTECTOR_DRAGON_LEGGINGS": {
    "AMETHYST_0": [
      "SKYBLOCK_COIN:50000",
      "FINE_AMETHYST_GEM:20"
    ]
  },
  "REAPER_BOOTS": {
    "COMBAT_0": [
      "SKYBLOCK_COIN:50000",
      "FINE_JASPER_GEM:5",
      "FINE_SAPPHIRE_GEM:5",
      "FINE_RUBY_GEM:5",
      "FINE_AMETHYST_GEM:5"
    ]
  },
  "REAPER_CHESTPLATE": {
    "COMBAT_0": [
      "SKYBLOCK_COIN:50000",
      "FINE_JASPER_GEM:5",
      "FINE_SAPPHIRE_GEM:5",
      "FINE_RUBY_GEM:5",
      "FINE_AMETHYST_GEM:5"
    ]
  },
  "REAPER_LEGGINGS": {
    "COMBAT_0": [
      "SKYBLOCK_COIN:50000",
      "FINE_JASPER_GEM:5",
      "FINE_SAPPHIRE_GEM:5",
      "FINE_RUBY_GEM:5",
      "FINE_AMETHYST_GEM:5"
    ]
  },
  "REAPER_MASK": {
    "SAPPHIRE_0": [
      "SKYBLOCK_COIN:50000",
      "FINE_SAPPHIRE_GEM:20"
    ]
  },
  "REAPER_SWORD": {
    "JASPER_0": [
      "SKYBLOCK_COIN:50000",
      "FINE_JASPER_GEM:20"
    ]
  },
  "RUNIC_STAFF": {
    "SAPPHIRE_0": [
      "SKYBLOCK_COIN:250000"
    ],
    "SAPPHIRE_1": [
      "SKYBLOCK_COIN:250000"
    ]
  },
  "SCYLLA": {
    "COMBAT_0": [
      "SKYBLOCK_COIN:250000",
      "FLAWLESS_JASPER_GEM:1",
      "FLAWLESS_SAPPHIRE_GEM:1",
      "FLAWLESS_RUBY_GEM:1",
      "FLAWLESS_AMETHYST_GEM:1"
    ],
    "COMBAT_1": [
      "SKYBLOCK_COIN:250000",
      "FLAWLESS_JASPER_GEM:1",
      "FLAWLESS_SAPPHIRE_GEM:1",
      "FLAWLESS_RUBY_GEM:1",
      "FLAWLESS_AMETHYST_GEM:1"
    ]
  },
  "SHADOW_ASSASSIN_BOOTS": {
    "JASPER_0": [
      "SKYBLOCK_COIN:50000",
      "FINE_JASPER_GEM:20"
    ]
  },
  "SHADOW_ASSASSIN_CHESTPLATE": {
    "JASPER_0": [
      "SKYBLOCK_COIN:50000",
      "FINE_JASPER_GEM:20"
    ]
  },
  "SHADOW_ASSASSIN_HELMET": {
    "JASPER_0": [
      "SKYBLOCK_COIN:50000",
      "FINE_JASPER_GEM:20"
    ]
  },
  "SHADOW_ASSASSIN_LEGGINGS": {
    "JASPER_0": [
      "SKYBLOCK_COIN:50000",
      "FINE_JASPER_GEM:20"
    ]
  },
  "SHADOW_FURY": {
    "JASPER_0": [
      "SKYBLOCK_COIN:100000",
      "FINE_JASPER_GEM:40"
    ]
  },
  "SORROW_BOOTS": {
    "JADE_0": [
      "SKYBLOCK_COIN:100000",
      "FINE_JADE_GEM:20"
    ],
    "UNIVERSAL_0": [
      "SKYBLOCK_COIN:250000",
      "FINE_JADE_GEM:20",
      "FINE_AMBER_GEM:20",
      "FINE_TOPAZ_GEM:20",
      "FINE_RUBY_GEM:20",
      "FINE_AMETHYST_GEM:20",
      "FINE_SAPPHIRE_GEM:20",
      "FINE_JASPER_GEM:20"
    ]
  },
  "SORROW_CHESTPLATE": {
    "JADE_0": [
      "SKYBLOCK_COIN:100000",
      "FINE_JADE_GEM:20"
    ],
    "UNIVERSAL_0": [
      "SKYBLOCK_COIN:250000",
      "FINE_JADE_GEM:20",
      "FINE_AMBER_GEM:20",
      "FINE_TOPAZ_GEM:20",
      "FINE_RUBY_GEM:20",
      "FINE_AMETHYST_GEM:20",
      "FINE_SAPPHIRE_GEM:20",
      "FINE_JASPER_GEM:20"
    ]
  },
  "SORROW_HELMET": {
    "JADE_0": [
      "SKYBLOCK_COIN:100000",
      "FINE_JADE_GEM:20"
    ],
    "UNIVERSAL_0": [
      "SKYBLOCK_COIN:250000",
      "FINE_JADE_GEM:20",
      "FINE_AMBER_GEM:20",
      "FINE_TOPAZ_GEM:20",
      "FINE_RUBY_GEM:20",
      "FINE_AMETHYST_GEM:20",
      "FINE_SAPPHIRE_GEM:20",
      "FINE_JASPER_GEM:20"
    ]
  },
  "SORROW_LEGGINGS": {
    "JADE_0": [
      "SKYBLOCK_COIN:100000",
      "FINE_JADE_GEM:20"
    ],
    "UNIVERSAL_0": [
      "SKYBLOCK_COIN:250000",
      "FINE_JADE_GEM:20",
      "FINE_AMBER_GEM:20",
      "FINE_TOPAZ_GEM:20",
      "FINE_RUBY_GEM:20",
      "FINE_AMETHYST_GEM:20",
      "FINE_SAPPHIRE_GEM:20",
      "FINE_JASPER_GEM:20"
    ]
  },
  "SPEED_WITHER_BOOTS": {
    "COMBAT_0": [
      "SKYBLOCK_COIN:250000",
      "FLAWLESS_JASPER_GEM:1",
      "FLAWLESS_SAPPHIRE_GEM:1",
      "FLAWLESS_RUBY_GEM:1",
      "FLAWLESS_AMETHYST_GEM:1"
    ],
    "COMBAT_1": [
      "SKYBLOCK_COIN:250000",
      "FLAWLESS_JASPER_GEM:1",
      "FLAWLESS_SAPPHIRE_GEM:1",
      "FLAWLESS_RUBY_GEM:1",
      "FLAWLESS_AMETHYST_GEM:1"
    ]
  },
  "SPEED_WITHER_CHESTPLATE": {
    "COMBAT_0": [
      "SKYBLOCK_COIN:250000",
      "FLAWLESS_JASPER_GEM:1",
      "FLAWLESS_SAPPHIRE_GEM:1",
      "FLAWLESS_RUBY_GEM:1",
      "FLAWLESS_AMETHYST_GEM:1"
    ],
    "COMBAT_1": [
      "SKYBLOCK_COIN:250000",
      "FLAWLESS_JASPER_GEM:1",
      "FLAWLESS_SAPPHIRE_GEM:1",
      "FLAWLESS_RUBY_GEM:1",
      "FLAWLESS_AMETHYST_GEM:1"
    ]
  },
  "SPEED_WITHER_HELMET": {
    "COMBAT_0": [
      "SKYBLOCK_COIN:250000",
      "FLAWLESS_JASPER_GEM:1",
      "FLAWLESS_SAPPHIRE_GEM:1",
      "FLAWLESS_RUBY_GEM:1",
      "FLAWLESS_AMETHYST_GEM:1"
    ],
    "COMBAT_1": [
      "SKYBLOCK_COIN:250000",
      "FLAWLESS_JASPER_GEM:1",
      "FLAWLESS_SAPPHIRE_GEM:1",
      "FLAWLESS_RUBY_GEM:1",
      "FLAWLESS_AMETHYST_GEM:1"
    ]
  },
  "SPEED_WITHER_LEGGINGS": {
    "COMBAT_0": [
      "SKYBLOCK_COIN:250000",
      "FLAWLESS_JASPER_GEM:1",
      "FLAWLESS_SAPPHIRE_GEM:1",
      "FLAWLESS_RUBY_GEM:1",
      "FLAWLESS_AMETHYST_GEM:1"
    ],
    "COMBAT_1": [
      "SKYBLOCK_COIN:250000",
      "FLAWLESS_JASPER_GEM:1",
      "FLAWLESS_SAPPHIRE_GEM:1",
      "FLAWLESS_RUBY_GEM:1",
      "FLAWLESS_AMETHYST_GEM:1"
    ]
  },
  "STARRED_BAT_WAND": {
    "SAPPHIRE_0": [
      "SKYBLOCK_COIN:50000",
      "FINE_SAPPHIRE_GEM:20"
    ]
  },
  "STARRED_BONZO_STAFF": {
    "SAPPHIRE_1": [
      "SKYBLOCK_COIN:50000",
      "FINE_SAPPHIRE_GEM:20"
    ]
  },
  "STARRED_ICE_SPRAY_WAND": {
    "SAPPHIRE_0": [
      "SKYBLOCK_COIN:50000",
      "FINE_SAPPHIRE_GEM:20"
    ]
  },
  "STARRED_SHADOW_ASSASSIN_BOOTS": {
    "COMBAT_0": [
      "SKYBLOCK_COIN:50000",
      "FINE_JASPER_GEM:20"
    ],
    "JASPER_0": [
      "SKYBLOCK_COIN:50000",
      "FINE_JASPER_GEM:20"
    ]
  },
  "STARRED_SHADOW_ASSASSIN_CHESTPLATE": {
    "COMBAT_0": [
      "SKYBLOCK_COIN:50000",
      "FINE_JASPER_GEM:20"
    ],
    "JASPER_0": [
      "SKYBLOCK_COIN:50000",
      "FINE_JASPER_GEM:20"
    ]
  },
  "STARRED_SHADOW_ASSASSIN_HELMET": {
    "COMBAT_0": [
      "SKYBLOCK_COIN:50000",
      "FINE_JASPER_GEM:20"
    ],
    "JASPER_0": [
      "SKYBLOCK_COIN:50000",
      "FINE_JASPER_GEM:20"
    ]
  },
  "STARRED_SHADOW_ASSASSIN_LEGGINGS": {
    "COMBAT_0": [
      "SKYBLOCK_COIN:50000",
      "FINE_JASPER_GEM:20"
    ],
    "JASPER_0": [
      "SKYBLOCK_COIN:50000",
      "FINE_JASPER_GEM:20"
    ]
  },
  "STARRED_SHADOW_FURY": {
    "COMBAT_0": [
      "SKYBLOCK_COIN:100000",
      "FINE_JASPER_GEM:40",
      "FINE_SAPPHIRE_GEM:40",
      "FINE_RUBY_GEM:40",
      "FINE_AMETHYST_GEM:40"
    ],
    "JASPER_0": [
      "SKYBLOCK_COIN:100000",
      "FINE_JASPER_GEM:40"
    ]
  },
  "STARRED_YETI_SWORD": {
    "JASPER_0": [
      "SKYBLOCK_COIN:100000",
      "FINE_JASPER_GEM:40"
    ],
    "SAPPHIRE_0": [
      "SKYBLOCK_COIN:50000",
      "FINE_SAPPHIRE_GEM:20"
    ]
  },
  "STRONG_DRAGON_BOOTS": {
    "JASPER_0": [
      "SKYBLOCK_COIN:50000",
      "FINE_JASPER_GEM:20"
    ]
  },
  "STRONG_DRAGON_CHESTPLATE": {
    "JASPER_0": [
      "SKYBLOCK_COIN:50000",
      "FINE_JASPER_GEM:20"
    ]
  },
  "STRONG_DRAGON_HELMET": {
    "JASPER_0": [
      "SKYBLOCK_COIN:50000",
      "FINE_JASPER_GEM:20"
    ]
  },
  "STRONG_DRAGON_LEGGINGS": {
    "JASPER_0": [
      "SKYBLOCK_COIN:50000",
      "FINE_JASPER_GEM:20"
    ]
  },
  "SUPERIOR_DRAGON_BOOTS": {
    "COMBAT_0": [
      "SKYBLOCK_COIN:50000",
      "FINE_JASPER_GEM:5",
      "FINE_SAPPHIRE_GEM:5",
      "FINE_RUBY_GEM:5",
      "FINE_AMETHYST_GEM:5"
    ]
  },
  "SUPERIOR_DRAGON_CHESTPLATE": {
    "COMBAT_0": [
      "SKYBLOCK_COIN:50000",
      "FINE_JASPER_GEM:5",
      "FINE_SAPPHIRE_GEM:5",
      "FINE_RUBY_GEM:5",
      "FINE_AMETHYST_GEM:5"
    ]
  },
  "SUPERIOR_DRAGON_HELMET": {
    "COMBAT_0": [
      "SKYBLOCK_COIN:50000",
      "FINE_JASPER_GEM:5",
      "FINE_SAPPHIRE_GEM:5",
      "FINE_RUBY_GEM:5",
      "FINE_AMETHYST_GEM:5"
    ]
  },
  "SUPERIOR_DRAGON_LEGGINGS": {
    "COMBAT_0": [
      "SKYBLOCK_COIN:50000",
      "FINE_JASPER_GEM:5",
      "FINE_SAPPHIRE_GEM:5",
      "FINE_RUBY_GEM:5",
      "FINE_AMETHYST_GEM:5"
    ]
  },
  "TANK_WITHER_BOOTS": {
    "COMBAT_0": [
      "SKYBLOCK_COIN:250000",
      "FLAWLESS_JASPER_GEM:1",
      "FLAWLESS_SAPPHIRE_GEM:1",
      "FLAWLESS_RUBY_GEM:1",
      "FLAWLESS_AMETHYST_GEM:1"
    ],
    "DEFENSIVE_0": [
      "SKYBLOCK_COIN:250000",
      "FLAWLESS_RUBY_GEM:2",
      "FLAWLESS_AMETHYST_GEM:2"
    ]
  },
  "TANK_WITHER_CHESTPLATE": {
    "COMBAT_0": [
      "SKYBLOCK_COIN:250000",
      "FLAWLESS_JASPER_GEM:1",
      "FLAWLESS_SAPPHIRE_GEM:1",
      "FLAWLESS_RUBY_GEM:1",
      "FLAWLESS_AMETHYST_GEM:1"
    ],
    "DEFENSIVE_0": [
      "SKYBLOCK_COIN:250000",
      "FLAWLESS_RUBY_GEM:2",
      "FLAWLESS_AMETHYST_GEM:2"
    ]
  },
  "TANK_WITHER_HELMET": {
    "COMBAT_0": [
      "SKYBLOCK_COIN:250000",
      "FLAWLESS_JASPER_GEM:1",
      "FLAWLESS_SAPPHIRE_GEM:1",
      "FLAWLESS_RUBY_GEM:1",
      "FLAWLESS_AMETHYST_GEM:1"
    ],
    "DEFENSIVE_0": [
      "SKYBLOCK_COIN:250000",
      "FLAWLESS_RUBY_GEM:2",
      "FLAWLESS_AMETHYST_GEM:2"
    ]
  },
  "TANK_WITHER_LEGGINGS": {
    "COMBAT_0": [
      "SKYBLOCK_COIN:250000",
      "FLAWLESS_JASPER_GEM:1",
      "FLAWLESS_SAPPHIRE_GEM:1",
      "FLAWLESS_RUBY_GEM:1",
      "FLAWLESS_AMETHYST_GEM:1"
    ],
    "DEFENSIVE_0": [
      "SKYBLOCK_COIN:250000",
      "FLAWLESS_RUBY_GEM:2",
      "FLAWLESS_AMETHYST_GEM:2"
    ]
  },
  "TERROR_BOOTS": {
    "COMBAT_0": [
      "SKYBLOCK_COIN:250000",
      "FLAWLESS_JASPER_GEM:1",
      "FLAWLESS_SAPPHIRE_GEM:1",
      "FLAWLESS_RUBY_GEM:1",
      "FLAWLESS_AMETHYST_GEM:1"
    ],
    "COMBAT_1": [
      "SKYBLOCK_COIN:250000",
      "FLAWLESS_JASPER_GEM:1",
      "FLAWLESS_SAPPHIRE_GEM:1",
      "FLAWLESS_RUBY_GEM:1",
      "FLAWLESS_AMETHYST_GEM:1"
    ]
  },
  "TERROR_CHESTPLATE": {
    "COMBAT_0": [
      "SKYBLOCK_COIN:250000",
      "FLAWLESS_JASPER_GEM:1",
      "FLAWLESS_SAPPHIRE_GEM:1",
      "FLAWLESS_RUBY_GEM:1",
      "FLAWLESS_AMETHYST_GEM:1"
    ],
    "COMBAT_1": [
      "SKYBLOCK_COIN:250000",
      "FLAWLESS_JASPER_GEM:1",
      "FLAWLESS_SAPPHIRE_GEM:1",
      "FLAWLESS_RUBY_GEM:1",
      "FLAWLESS_AMETHYST_GEM:1"
    ]
  },
  "TERROR_HELMET": {
    "COMBAT_0": [
      "SKYBLOCK_COIN:250000",
      "FLAWLESS_JASPER_GEM:1",
      "FLAWLESS_SAPPHIRE_GEM:1",
      "FLAWLESS_RUBY_GEM:1",
      "FLAWLESS_AMETHYST_GEM:1"
    ],
    "COMBAT_1": [
      "SKYBLOCK_COIN:250000",
      "FLAWLESS_JASPER_GEM:1",
      "FLAWLESS_SAPPHIRE_GEM:1",
      "FLAWLESS_RUBY_GEM:1",
      "FLAWLESS_AMETHYST_GEM:1"
    ]
  },
  "TERROR_LEGGINGS": {
    "COMBAT_0": [
      "SKYBLOCK_COIN:250000",
      "FLAWLESS_JASPER_GEM:1",
      "FLAWLESS_SAPPHIRE_GEM:1",
      "FLAWLESS_RUBY_GEM:1",
      "FLAWLESS_AMETHYST_GEM:1"
    ],
    "COMBAT_1": [
      "SKYBLOCK_COIN:250000",
      "FLAWLESS_JASPER_GEM:1",
      "FLAWLESS_SAPPHIRE_GEM:1",
      "FLAWLESS_RUBY_GEM:1",
      "FLAWLESS_AMETHYST_GEM:1"
    ]
  },
  "TITANIUM_DRILL_3": {
    "JADE_0": [
      "SKYBLOCK_COIN:50000",
      "FINE_JADE_GEM:20"
    ]
  },
  "TITANIUM_DRILL_4": {
    "JADE_0": [
      "SKYBLOCK_COIN:50000",
      "FINE_JADE_GEM:20"
    ],
    "MINING_0": [
      "SKYBLOCK_COIN:250000",
      "FLAWLESS_JADE_GEM:1",
      "FLAWLESS_AMBER_GEM:1",
      "FLAWLESS_TOPAZ_GEM:1"
    ]
  },
  "UNSTABLE_DRAGON_BOOTS": {
    "OFFENSIVE_0": [
      "SKYBLOCK_COIN:50000",
      "FINE_JASPER_GEM:10",
      "FINE_SAPPHIRE_GEM:10"
    ]
  },
  "UNSTABLE_DRAGON_CHESTPLATE": {
    "OFFENSIVE_0": [
      "SKYBLOCK_COIN:50000",
      "FINE_JASPER_GEM:10",
      "FINE_SAPPHIRE_GEM:10"
    ]
  },
  "UNSTABLE_DRAGON_HELMET": {
    "OFFENSIVE_0": [
      "SKYBLOCK_COIN:50000",
      "FINE_JASPER_GEM:10",
      "FINE_SAPPHIRE_GEM:10"
    ]
  },
  "UNSTABLE_DRAGON_LEGGINGS": {
    "OFFENSIVE_0": [
      "SKYBLOCK_COIN:50000",
      "FINE_JASPER_GEM:10",
      "FINE_SAPPHIRE_GEM:10"
    ]
  },
  "VALKYRIE": {
    "COMBAT_0": [
      "SKYBLOCK_COIN:250000",
      "FLAWLESS_JASPER_GEM:1",
      "FLAWLESS_SAPPHIRE_GEM:1",
      "FLAWLESS_RUBY_GEM:1",
      "FLAWLESS_AMETHYST_GEM:1"
    ],
    "JASPER_0": [
      "SKYBLOCK_COIN:250000",
      "FLAWLESS_JASPER_GEM:2"
    ]
  },
  "VOIDEDGE_KATANA": {
    "JASPER_0": [
      "SKYBLOCK_COIN:50000",
      "FINE_JASPER_GEM:20"
    ],
    "SAPPHIRE_0": [
      "SKYBLOCK_COIN:100000",
      "FINE_SAPPHIRE_GEM:40"
    ]
  },
  "VORPAL_KATANA": {
    "JASPER_0": [
      "SKYBLOCK_COIN:50000",
      "FINE_JASPER_GEM:20"
    ],
    "SAPPHIRE_0": [
      "SKYBLOCK_COIN:100000",
      "FINE_SAPPHIRE_GEM:40"
    ]
  },
  "WISE_DRAGON_BOOTS": {
    "SAPPHIRE_0": [
      "SKYBLOCK_COIN:50000",
      "FINE_SAPPHIRE_GEM:20"
    ]
  },
  "WISE_DRAGON_CHESTPLATE": {
    "SAPPHIRE_0": [
      "SKYBLOCK_COIN:50000",
      "FINE_SAPPHIRE_GEM:20"
    ]
  },
  "WISE_DRAGON_HELMET": {
    "SAPPHIRE_0": [
      "SKYBLOCK_COIN:50000",
      "FINE_SAPPHIRE_GEM:20"
    ]
  },
  "WISE_DRAGON_LEGGINGS": {
    "SAPPHIRE_0": [
      "SKYBLOCK_COIN:50000",
      "FINE_SAPPHIRE_GEM:20"
    ]
  },
  "WISE_WITHER_BOOTS": {
    "COMBAT_0": [
      "SKYBLOCK_COIN:250000",
      "FLAWLESS_JASPER_GEM:1",
      "FLAWLESS_SAPPHIRE_GEM:1",
      "FLAWLESS_RUBY_GEM:1",
      "FLAWLESS_AMETHYST_GEM:1"
    ],
    "SAPPHIRE_0": [
      "SKYBLOCK_COIN:250000",
      "FLAWLESS_SAPPHIRE_GEM:4"
    ]
  },
  "WISE_WITHER_CHESTPLATE": {
    "COMBAT_0": [
      "SKYBLOCK_COIN:250000",
      "FLAWLESS_JASPER_GEM:1",
      "FLAWLESS_SAPPHIRE_GEM:1",
      "FLAWLESS_RUBY_GEM:1",
      "FLAWLESS_AMETHYST_GEM:1"
    ],
    "SAPPHIRE_0": [
      "SKYBLOCK_COIN:250000",
      "FLAWLESS_SAPPHIRE_GEM:4"
    ]
  },
  "WISE_WITHER_HELMET": {
    "COMBAT_0": [
      "SKYBLOCK_COIN:250000",
      "FLAWLESS_JASPER_GEM:1",
      "FLAWLESS_SAPPHIRE_GEM:1",
      "FLAWLESS_RUBY_GEM:1",
      "FLAWLESS_AMETHYST_GEM:1"
    ],
    "SAPPHIRE_0": [
      "SKYBLOCK_COIN:250000",
      "FLAWLESS_SAPPHIRE_GEM:4"
    ]
  },
  "WISE_WITHER_LEGGINGS": {
    "COMBAT_0": [
      "SKYBLOCK_COIN:250000",
      "FLAWLESS_JASPER_GEM:1",
      "FLAWLESS_SAPPHIRE_GEM:1",
      "FLAWLESS_RUBY_GEM:1",
      "FLAWLESS_AMETHYST_GEM:1"
    ],
    "SAPPHIRE_0": [
      "SKYBLOCK_COIN:250000",
      "FLAWLESS_SAPPHIRE_GEM:4"
    ]
  },
  "YETI_SWORD": {
    "JASPER_0": [
      "SKYBLOCK_COIN:100000",
      "FINE_JASPER_GEM:40"
    ],
    "SAPPHIRE_0": [
      "SKYBLOCK_COIN:50000",
      "FINE_SAPPHIRE_GEM:20"
    ]
  },
  "YOUNG_DRAGON_BOOTS": {
    "COMBAT_0": [
      "SKYBLOCK_COIN:50000",
      "FINE_JASPER_GEM:5",
      "FINE_SAPPHIRE_GEM:5",
      "FINE_RUBY_GEM:5",
      "FINE_AMETHYST_GEM:5"
    ]
  },
  "YOUNG_DRAGON_CHESTPLATE": {
    "COMBAT_0": [
      "SKYBLOCK_COIN:50000",
      "FINE_JASPER_GEM:5",
      "FINE_SAPPHIRE_GEM:5",
      "FINE_RUBY_GEM:5",
      "FINE_AMETHYST_GEM:5"
    ]
  },
  "YOUNG_DRAGON_HELMET": {
    "COMBAT_0": [
      "SKYBLOCK_COIN:50000",
      "FINE_JASPER_GEM:5",
      "FINE_SAPPHIRE_GEM:5",
      "FINE_RUBY_GEM:5",
      "FINE_AMETHYST_GEM:5"
    ]
  },
  "YOUNG_DRAGON_LEGGINGS": {
    "COMBAT_0": [
      "SKYBLOCK_COIN:50000",
      "FINE_JASPER_GEM:5",
      "FINE_SAPPHIRE_GEM:5",
      "FINE_RUBY_GEM:5",
      "FINE_AMETHYST_GEM:5"
    ]
  }
}