{
  "itemid": "minecraft:skull",
  "displayname": "§9Rezar® Abicase",
  "nbttag": "{HideFlags:254,SkullOwner:{Id:\"4133c84c-1f15-4252-94fb-90a27d34d585\",hypixelPopulated:1b,Properties:{textures:[0:{Value:\"eyJ0ZXh0dXJlcyI6eyJTS0lOIjp7InVybCI6Imh0dHA6Ly90ZXh0dXJlcy5taW5lY3JhZnQubmV0L3RleHR1cmUvYjIxMjhmNDhkOTk3MTg2NTYzZmJjNWI0N2E4OGMwZDBhYWM5MmZhMmMyODVjZDFmYWU0MjBjMzRmYThmMjAxMCJ9fX0\u003d\"}]},Name:\"§4133c84c-1f15-4252-94fb-90a27d34d585\"},display:{Lore:[0:\"§7§7Speeds up Abiphone calling\",1:\"§7speed.\",2:\"\",3:\"§7§7Grants §6+1 Magical Power\",4:\"§6§7per §a2 §7contacts in your\",5:\"§7Abiphone.\",6:\"\",7:\"§7§8Only ONE case will have an\",8:\"§8effect while in accessory bag.\",9:\"\",10:\"§9§lRARE ACCESSORY\",11:\"\",12:\"§7Cost\",13:\"§b26,000 Bits\"],Name:\"§9Rezar® Abicase\"},ExtraAttributes:{model:\"REZAR\",id:\"ABICASE_REZAR\"}}",
  "damage": 3,
  "lore": [
    "§7§7Speeds up Abiphone calling",
    "§7speed.",
    "",
    "§7§7Grants §6+1 Magical Power",
    "§6§7per §a2 §7contacts in your",
    "§7Abiphone.",
    "",
    "§7§8Only ONE case will have an",
    "§8effect while in accessory bag.",
    "",
    "§9§lRARE ACCESSORY",
    "",
    "§7Cost",
    "§b26,000 Bits"
  ],
  "internalname": "ABICASE_REZAR",
  "crafttext": "",
  "clickcommand": "",
  "modver": "2.1.1-PRE",
  "infoType": "WIKI_URL",
  "info": [
    "https://wiki.hypixel.net/Abicase",
    "https://hypixel-skyblock.fandom.com/wiki/Abicases"
  ]
}