{
  "itemid": "minecraft:skull",
  "displayname": "§f§f§5Adaptive Helmet",
  "nbttag": "{HideFlags:254,SkullOwner:{Id:\"1756e280-9a64-3027-9c50-553d59999221\",Properties:{textures:[0:{Value:\"eyJ0ZXh0dXJlcyI6eyJTS0lOIjp7InVybCI6Imh0dHA6Ly90ZXh0dXJlcy5taW5lY3JhZnQubmV0L3RleHR1cmUvMTZmMGQzNGFhYTcxNDM3Nzk4MzcwMWMxYmJlOWIzZjZlN2IzMGNiMzg1NzFiYzBhMmZkNzU0MWQ3ZWRiMTYzNyJ9fX0K\"}]}},display:{Lore:[0:\"§7Gear Score: §d283\",1:\"§7Strength: §c+15\",2:\"§7Health: §a+110\",3:\"§7Defense: §a+50\",4:\"§7Intelligence: §a+15\",5:\" §8[§7☤§8]\",6:\"\",7:\"§6Full Set Bonus: Efficient training §7(0/4)\",8:\"§7Every §b5 §7Catacombs levels, this armor\",9:\"§7piece gains +§a2% §7stats.\",10:\"\",11:\"§7Grants additional bonuses based on your\",12:\"§7selected dungeon class!\",13:\"\",14:\"§7§bBerserk§7: §7+§c20❁ Strength\",15:\"§7§bHealer§7: §7+§a5☄ Mending§7, +§c40❤\",16:\"§cHealth\",17:\"§7§bMage§7: §7+§b50✎ Intelligence\",18:\"§7§bTank§7: §7+§a30❈ Defense§7 and reduces\",19:\"§7damage taken by §b5% §7for each piece\",20:\"§7you have equip if you are hit by the\",21:\"§7same monster within §e10 §7seconds.\",22:\"§7§bArcher§7: §7+§95☣ Crit Chance§7,\",23:\"§7+§915☠ Crit Damage\",24:\"\",25:\"§7§8This item can be reforged!\",26:\"§7§4❣ §cRequires §aThe Catacombs Floor\",27:\"§aIII Completion§c.\",28:\"§5§lEPIC DUNGEON HELMET\"],Name:\"§f§f§5Adaptive Helmet\"},ExtraAttributes:{dungeon_item:1b,id:\"ADAPTIVE_HELMET\"}}",
  "damage": 3,
  "lore": [
    "§7Gear Score: §d283",
    "§7Strength: §c+15",
    "§7Health: §a+110",
    "§7Defense: §a+50",
    "§7Intelligence: §a+15",
    " §8[§7☤§8]",
    "",
    "§6Full Set Bonus: Efficient training §7(0/4)",
    "§7Every §b5 §7Catacombs levels, this armor",
    "§7piece gains +§a2% §7stats.",
    "",
    "§7Grants additional bonuses based on your",
    "§7selected dungeon class!",
    "",
    "§7§bBerserk§7: §7+§c20❁ Strength",
    "§7§bHealer§7: §7+§a5☄ Mending§7, +§c40❤",
    "§cHealth",
    "§7§bMage§7: §7+§b50✎ Intelligence",
    "§7§bTank§7: §7+§a30❈ Defense§7 and reduces",
    "§7damage taken by §b5% §7for each piece",
    "§7you have equip if you are hit by the",
    "§7same monster within §e10 §7seconds.",
    "§7§bArcher§7: §7+§95☣ Crit Chance§7,",
    "§7+§915☠ Crit Damage",
    "",
    "§7§8This item can be reforged!",
    "§7§4❣ §cRequires §aThe Catacombs Floor",
    "§aIII Completion§c.",
    "§5§lEPIC DUNGEON HELMET"
  ],
  "internalname": "ADAPTIVE_HELMET",
  "crafttext": "",
  "clickcommand": "",
  "modver": "2.1.1-PRE",
  "infoType": "WIKI_URL",
  "info": [
    "https://hypixel-skyblock.fandom.com/wiki/Adaptive_Armor",
    "https://wiki.hypixel.net/Adaptive_Helm"
  ]
}