{
  "itemid": "minecraft:red_flower",
  "displayname": "§5Antique Remedies",
  "nbttag": "{ench:[],HideFlags:254,display:{Lore:[0:\"§8Consumed on use\",1:\"\",2:\"§7§7Pet items can boost pets in\",3:\"§7various ways but pets can only\",4:\"§7hold 1 item at a time so choose\",5:\"§7wisely!\",6:\"\",7:\"§7§7Increases the pet\u0027s §c❁\",8:\"§cStrength §7by §a80%\",9:\"\",10:\"§7§eRight click on your summoned\",11:\"§epet to give it this item!\",12:\"\",13:\"§5§lEPIC PET ITEM\"],Name:\"§5Antique Remedies\"},ExtraAttributes:{id:\"ANTIQUE_REMEDIES\"}}",
  "damage": 3,
  "lore": [
    "§8Consumed on use",
    "",
    "§7§7Pet items can boost pets in",
    "§7various ways but pets can only",
    "§7hold 1 item at a time so choose",
    "§7wisely!",
    "",
    "§7§7Increases the pet\u0027s §c❁",
    "§cStrength §7by §a80%",
    "",
    "§7§eRight click on your summoned",
    "§epet to give it this item!",
    "",
    "§5§lEPIC PET ITEM"
  ],
  "internalname": "ANTIQUE_REMEDIES",
  "crafttext": "",
  "clickcommand": "",
  "modver": "2.1.1-PRE",
  "infoType": "WIKI_URL",
  "info": [
    "https://hypixel-skyblock.fandom.com/wiki/Pet_Items",
    "https://wiki.hypixel.net/Antique_Remedies"
  ]
}