{
  "itemid": "minecraft:carpet",
  "displayname": "§dAnti-Bite Scarf",
  "nbttag": "{HideFlags:254,display:{Lore:[0:\"§7Rift Time: §a+110s\",1:\"§7Hearts: §a+1\",2:\"§7Intelligence: §a+22\",3:\"\",4:\"§6Ability: Helmets All The Way Around\",5:\"§7Regain §a+2ф §7when killing a\",6:\"§7monster.\",7:\"\",8:\"§7If you would take §c❤ §7damage,\",9:\"§7take §c0.5❤ §7less.\",10:\"\",11:\"§eHold and left-click to pick color!\",12:\"\",13:\"§d§lMYTHIC HELMET\"],Name:\"§dAnti-Bite Scarf\"},ExtraAttributes:{id:\"ANTI_BITE_SCARF_2\"}}",
  "damage": 14,
  "lore": [
    "§7Rift Time: §a+110s",
    "§7Hearts: §a+1",
    "§7Intelligence: §a+22",
    "",
    "§6Ability: Helmets All The Way Around",
    "§7Regain §a+2ф §7when killing a",
    "§7monster.",
    "",
    "§7If you would take §c❤ §7damage,",
    "§7take §c0.5❤ §7less.",
    "",
    "§eHold and left-click to pick color!",
    "",
    "§d§lMYTHIC HELMET"
  ],
  "recipe": {
    "A1": "",
    "A2": "",
    "A3": "",
    "B1": "",
    "B2": "SCARF_STUDIES:1",
    "B3": "",
    "C1": "BLOODBADGE:1",
    "C2": "ANTI_BITE_SCARF:1",
    "C3": "BLOODBADGE:1"
  },
  "internalname": "ANTI_BITE_SCARF_2",
  "clickcommand": "viewrecipe",
  "modver": "2.1.1-PRE",
  "crafttext": "Requires: Vampire Slayer 4",
  "infoType": "WIKI_URL",
  "info": [
    "https://hypixel-skyblock.fandom.com/wiki/Anti-Bite_Scarf",
    "https://wiki.hypixel.net/Anti-Bite_Scarf"
  ]
}