{
  "itemid": "minecraft:skull",
  "displayname": "§5Bear Chair",
  "nbttag": "{HideFlags:254,SkullOwner:{Id:\"659b7b3b-4b4f-34b5-a0b1-292b141bd8cc\",Properties:{textures:[0:{Value:\"eyJ0ZXh0dXJlcyI6eyJTS0lOIjp7InVybCI6Imh0dHA6Ly90ZXh0dXJlcy5taW5lY3JhZnQubmV0L3RleHR1cmUvYTEwMGUxNzdlMjYyNGJhOTQ5NTg4ZWZmODEzODkzMzJlZWMxZDM5MDg1YWExMWMwNWIzZjQxYzcwMjQxNmU4OSJ9fX0\u003d\"}]}},display:{Lore:[0:\"§8Furniture\",1:\"§8Holiday Cosmetic\",2:\"\",3:\"§7This exclusive §cHoliday\",4:\"§c§7cosmetic can be placed on your\",5:\"§7island or traded.\",6:\"\",7:\"§5§lEPIC\"],Name:\"§5Bear Chair\"},ExtraAttributes:{id:\"BEAR_CHAIR\"}}",
  "damage": 3,
  "lore": [
    "§8Furniture",
    "§8Holiday Cosmetic",
    "",
    "§7This exclusive §cHoliday",
    "§c§7cosmetic can be placed on your",
    "§7island or traded.",
    "",
    "§5§lEPIC"
  ],
  "internalname": "BEAR_CHAIR",
  "crafttext": "",
  "clickcommand": "",
  "modver": "2.1.1-PRE",
  "infoType": ""
}