{
  "contributors": {
    "Alea1337": {},
    "appable": {},
    "CalMWolfs": {
      "suffix": "§e:)",
      "spinny": true,
      "upsideDown": true
    },
    "catgirlasuka": {
      "suffix": "§d§l:3"
    },
    "catgirlseraid": {
      "suffix": "§d:3",
      "spinny": true,
      "upsideDown": true
    },
    "Chissl": {
      "suffix": "§2§l:D"
    },
    "cimbraien": {},
    "Conutik": {
      "suffix": "§c§lツ"
    },
    "hijiol": {
      "suffix": "§c§l:>"
    },
    "Cuz_Im_Clicks": {},
    "Eisengolem": {},
    "Empa_": {
      "suffix": "§d:3"
    },
    "Erymanthus": {},
    "EstrogenEnjoyer": {
      "suffix": "§d:3"
    },
    "Fix3dll": {},
    "Frost19": {},
    "Gillsplash": {},
    "hannibal2": {
      "suffix": "§3§l:O"
    },
    "HiZe_": {
      "suffix": "§5§l:3",
      "spinny": true,
      "upsideDown": true
    },
    "Jordyrat": {
      "suffix": "§d;3"
    },
    "JTAG": {},
    "Ke5o": {
      "suffix": "§7I can't think of anything funny"
    },
    "lrg89": {
      "suffix": "§Z<3",
      "upsideDown": true
    },
    "martimavocado": {},
    "Mikecraft1224": {},
    "minhperry02": {
      "suffix": "§9:D"
    },
    "NetheriteMiner": {},
    "oBlazin": {
      "suffix": "§d§l^^"
    },
    "not_a_cowfr": {
      "suffix": "§c:3"
    },
    "Obsidianninja11": {
      "suffix": "§z(:"
    },
    "owoLuna": {
      "suffix": "§d:3"
    },
    "oxsss": {},
    "PlasticEating": {
      "suffix": "§d§l:3"
    },
    "ReyMaratov": {},
    "RobotHanzo": {
      "suffix": "§6§l:P"
    },
    "Sayonara": {
      "suffix": "§cc:"
    },
    "Skirtwearer": {
      "suffix": "§d:3",
      "spinny": true,
      "upsideDown": true
    },
    "Skyblock_Lobby": {},
    "SkyHanni": {
      "suffix": "§3§l:O",
      "spinny": true,
      "upsideDown": true,
      "alt from": "hannibal2"
    },
    "Solde": {
      "suffix": "§b;C"
    },
    "ThatGravyBoat": {
      "suffix": "§d:3",
      "spinny": true,
      "upsideDown": true
    },
    "thisiscad": {},
    "Throwpo": {
      "suffix": "§b:§dO",
      "spinny": true,
      "upsideDown": true
    },
    "Thunderblade73": {},
    "Tryp0MC": {
      "suffix": "§6B)"
    },
    "Vahvl": {
      "suffix": "§d:3"
    },
    "Vixid": {},
    "Wambux": {},
    "whalker": {
      "suffix": "§Z§l:D"
    },
    "Wolfie586": {
      "suffix": "§e:]",
      "spinny": true,
      "upsideDown": true,
      "alt from": "CalMWolfs"
    },
    "Zickles": {},
    "Biscut": {
      "spinny": true,
      "external_mod": "SBA"
    },
    "Pinpointed": {
      "spinny": true,
      "upsideDown": true,
      "external_mod": "SBA"
    },
    "Berded": {
      "spinny": true,
      "upsideDown": true,
      "external_mod": "SBA"
    },
    "Potat_owo": {
      "spinny": true,
      "upsideDown": true,
      "external_mod": "SBA"
    },
    "Pnda__": {
      "spinny": true,
      "upsideDown": true,
      "external_mod": "SBA"
    },
    "StopUsingSBE": {
      "spinny": true,
      "upsideDown": true,
      "external_mod": "SBA"
    }
  }
}
